# bootstrap: 94 readability findings — fix in src/content/_specs/bootstrap.mjs, then
#   node tools/reauthor.mjs bootstrap && GATE_DETAIL=6 bash tools/audit/run.sh bootstrap
# hub-level notes first, then one line per lesson finding.
readability: opener is too dense to start from	15 sentences, 20 words each
readability: jargon in the opener with no gloss	MEASUREMENT
readability: sentence too long to follow	Bootstrap normalizes the ground (box-sizing border-box everywhere, margins reset and re-earned by class, typographic rhythm set, l…
readability: sentence too long to follow	STACK ROWS, NEVER LOOSE COLUMNS: a column belongs to exactly one row; two columns side by side without a row is div soup the frame…
readability: the second sentence repeats the first	TICKET THREE — “it looks fine until someone printed it.” Min-width rul || TICKET FOUR — “our custom card has a 15-pixel gap nobody can find.” A 
readability: sentence too long to follow	TICKET ONE — “the columns stack even though I set col-6.” Those settings were copied from a 2016 tutorial built on Bootstrap 3, wh…
readability: the same clause pasted twice	“col- with col- and col- with” x2 :: col-4 with col-4 with col-4, and col-3 with col-9, and col-6 with col-4 with col-2 — every row sums to twelve
readability: one phrase repeated instead of explained	“col- col-” x7 :: col-4+col-4+col-4, col-3+col-9, col-6+col-4+col-2 — প্রতি সারি বারো-তে মিলে
readability: the same clause pasted twice	“col- col- col- col- col- col-” x3 :: col-4+col-4+col-4, col-3+col-9, col-6+col-4+col-2 — প্রতি সারি বারো-তে মিলে
readability: opener is too dense to start from	6 sentences, 44 words each
readability: jargon in the opener with no gloss	ONE
readability: sentence too long to follow	THE BUTTON IS A GRAMMAR LESSON: btn is the noun (“I am clickable chrome”), the variant is the adjective (primary, secondary, succe…
readability: sentence too long to follow	BUY THE ADJECTIVE, NOT THE COLOR: pick the semantic variant first (primary for the one action that matters on the view, outline-se…
readability: sentence too long to follow	WRITE THE CARD IN SLOT ORDER: .card, then image cap as first or last direct child, then header, body, footer — padding belongs to …
readability: sentence too long to follow	The docs call it CSS variables for customization, the works call it the invoice layer: for every component on the shelf, theming i…
readability: sentence too long to follow	TICKET ONE — “our buttons look unstyled.” The markup said class="btn" and stopped: the base noun carries shape but no color, the v…
readability: sentence too long to follow	Write the markup contract review passes at once: The brief: a product card for a grid shelf — image on top with the container’s ro…
readability: sentence too long to follow	Grading is a contract check, not a taste review: the image must be a direct child (slot law, ticket two), the body owns all paddin…
readability: opener is too dense to start from	11 sentences, 22 words each
readability: jargon in the opener with no gloss	THE
readability: sentence too long to follow	Which is exactly the pattern the previous hub’s era perfected (Bootstrap 2’s data-apis rode on jQuery’s event delegation) and exac…
readability: sentence too long to follow	And the engineering is the same picture: the bundle, when loaded, attaches for each plugin exactly one document-level listener tha…
readability: romanised Bengali left in the twin	event
readability: sentence too long to follow	The pattern predates Bootstrap and outlives it: every UI suite from jQuery UI’s widgets to the WAI-ARIA Authoring Practices’ data-…
readability: sentence too long to follow	THE JIG MOVES DOORS, and the next one is the whole building’s fire code: lesson four takes the modal — the component where every c…
readability: sentence too long to follow	Name the full order a user’s single Escape press produces on an open Bootstrap 5 modal whose form is dirty, given an app handler t…
readability: opener is too dense to start from	8 sentences, 32 words each
readability: jargon in the opener with no gloss	DEFINED
readability: sentence too long to follow	BOOTSTRAP 5’S MODAL IS A SMALL STATE MACHINE WITH THREE ROOMS: the dialog node, which it centers, focuses and roves tabindex throu…
readability: sentence too long to follow	The anatomy in markup is four lines: a trigger button naming the target, a .modal div with a tabindex of -1 so it can itself take …
readability: one word carries the whole paragraph	“lesson” x7 :: Because a modal is the only component that touches everything this hub teaches: it is a component (lesson two)
readability: sentence too long to follow	Because a modal is the only component that touches everything this hub teaches: it is a component (lesson two), wired by attribute…
readability: sentence too long to follow	And the _restoreFocus branch that only restores when activeElement is the body, the polite version of “nobody else grabbed the car…
readability: sentence too long to follow	TICKET TWO — “focus vanishes when the modal closes.” A settings sheet in a tab: the trigger lived inside a panel the route replace…
readability: sentence too long to follow	And the pattern escaped the web: iOS presentation sheets, Android dialogs with back-button contracts, and the console overlays of …
readability: sentence too long to follow	B is the classic category swap: labelledby governs the dialog’s announcement, not the caret’s return; C is half-true history (v5 d…
readability: sentence too long to follow	Bodies of work that “start then abort” are the B-answer of the last exercise, which this lesson graded false), the app half must c…
readability: no example with a real value on the page	the-door-that-holds
readability: opener is too dense to start from	13 sentences, 20 words each
readability: jargon in the opener with no gloss	BOOTSTRAP
readability: sentence too long to follow	BOOTSTRAP FORM একটা নয়-class-এর খাতা-চুক্তি: .form-control text input, textarea আর-অপ্রচলিত password — এক পরিবারের রূপ, উচ্চতা পা…
readability: sentence too long to follow	WRITE THE TUPLE IN ONE HAND: label for, input id, hint id wired by aria-describedby from the input, feedback div as the input’s si…
readability: sentence too long to follow	GATE THE FORM, THEN THE FIELD: the application adds was-validated on first submit (a novalidate attribute on the form suppresses t…
readability: sentence too long to follow	LET THE GRID SET SIZES, NOT YOUR CSS: col-md classes choose label-above versus label-beside, form-control sizing follows the row’s…
readability: sentence too long to follow	All engine-native, which is not a party trick but the difference between a page that degrades and a page that disappears for the n…
readability: sentence too long to follow	The autocomplete attributes are the form’s real API to the world: the works learned the hard way that autocomplete=“name”, “email”…
readability: sentence too long to follow	A reviewable field in v5: label with for; input with id, name, class form-control, autocomplete and aria-describedby listing the h…
readability: sentence too long to follow	Lesson six opens the third leg of the tripod, the utility layer: the spacing ladder from mt-0 to mt-5 you already used without nam…
readability: romanised Bengali left in the twin	render
readability: romanised Bengali left in the twin	render
readability: sentence too long to follow	The graded distinction is the two ledger pages: explicit override classes (is-invalid) render their verdict immediately because th…
readability: sentence too long to follow	A is the deal’s fine print: novalidate suppresses the constraint engine’s own popup and submit-blocking face, not its checking (va…
readability: sentence too long to follow	When the app posts natively, only the server can speak on reload), per-field is-invalid + feedback with describedby welding (two e…
readability: opener is too dense to start from	15 sentences, 21 words each
readability: jargon in the opener with no gloss	SPACING
readability: sentence too long to follow	THE TEXT AND COLOR SHELF is the semantic contract lesson two sketched, now in active service: .text-start/center/end are logical-d…
readability: sentence too long to follow	And the works keep the reverse rule too: styles that carry meaning (a danger button, a highlighted row) stay as classes on the ele…
readability: sentence too long to follow	Read what it buys: specificity never escalates, because nothing a stylesheet writes can out-shout one !important except another, a…
readability: sentence too long to follow	TICKET ONE — “my brand color won’t take.” A theme re-declared .bg-primary { background-color: maroon } while the markup kept .bg-p…
readability: romanised Bengali left in the twin	compile
readability: sentence too long to follow	A project’s stylesheet contains this block and nothing else unusual — decide, line by line, which rules the wardrobe already sells…
readability: opener is too dense to start from	15 sentences, 21 words each
readability: jargon in the opener with no gloss	PRODUCT
readability: sentence too long to follow	And the ledger closes with the two products’ prices, honestly stated: building buys token-level identity, a smaller or larger CSS …
readability: sentence too long to follow	The bundle file, not the plain JS one, because it welds in Popper (lesson three’s tooltip placement math sold as a pre-attached ji…
readability: sentence too long to follow	The works audit a repo’s themeability in the first ninety seconds by opening its bootstrap-customization partial and reading where…
readability: sentence too long to follow	THE UTILITY YOU COIN, five lines at the mill door: add an entry to the utilities map (property, class, values from $spacers, respo…
readability: sentence too long to follow	OPEN THE REAL _VARIABLES.SCSS THE WAY THE INTERNAL BLOCK OPENS a modal: not the file as documentation but as a mechanism, and the …
readability: sentence too long to follow	The discipline both sell is the same, and it is the maps: a build that merges instead of replaces, that mints through the utilitie…
readability: sentence too long to follow	The costs, itemized as the invoice states them: the build carries a toolchain dependency (a Sass compiler, a pipeline, a CI job, a…
readability: same Bengali word repeated	টিকিট x6
readability: sentence too long to follow	THE MILL IS THE HUB’S LAST ROOM — and the exit opens onto the street the framework cast its shadow down for fifteen years: why the…
readability: sentence too long to follow	The works’ lint calls this “config without memory of defaults.” C is the runtime-layer escape hatch that reopens the fight the !im…
readability: sentence too long to follow	And the strong answer additionally catches that $primary and the reassigned $theme-colors contradict each other, since after the a…
readability: sentence too long to follow	A client reads this hub’s last two lessons and demands: “cut our 180KB of Bootstrap dist CSS to under 40KB by Friday, keep every c…
readability: opener is too dense to start from	21 sentences, 19 words each
readability: jargon in the opener with no gloss	THE
readability: sentence too long to follow	This last lesson walks the crew through the strike: not whether the criticism was fair (the works’ verdict: fair about budgets, wr…
readability: sentence too long to follow	The strike is therefore three moves, and the works run them in exactly this order for every client: decide whether the brand exist…
readability: sentence too long to follow	framework-এর জীবন, দোকান যে-ভাবে কাউন্টারে দাম বলে: ২০১১, দুই Twitter-কর্মী এক style sheet আর এক grid ছাড়ে কারণ internal admin পা…
readability: sentence too long to follow	Why staying is frequently correct, said by the framework’s biggest auditors rather than its fans: a team without design ops shippi…
readability: sentence too long to follow	And the works keep the last ticket in writing because it is the one every team resents: after the final Bootstrap file is removed,…
readability: the second sentence repeats the first	READ THE BRIDGE AS THIS HUB’S WHOLE MECHANISM, SHRUNK TO SIX LINES: st || The exit-day diff is the file’s second half: the vendor’s var() refere
readability: sentence too long to follow	READ THE BRIDGE AS THIS HUB’S WHOLE MECHANISM, SHRUNK TO SIX LINES: stage one changes nothing visible — the app’s components, its …
readability: the second sentence repeats the first	সেতুকে এই hub-এর পুরো যন্ত্র-হিসেবে পড়ো, ছয় লাইয়ে সংকুচিত: stage এক || exit দিনের diff এই ফাইলের দ্বিতীয়ার্ধ: vendor-এর var() রেফারেন্স মোছা
readability: romanised Bengali left in the twin	favorite
readability: sentence too long to follow	The design-systems migration the works track at government and enterprise scale proves the hub’s order reversed: the US Web Design…
readability: sentence too long to follow	The 2020s stack layering is the works’ final exhibit of continuity: a Tailwind project and a Bootstrap project now disagree about …
readability: sentence too long to follow	And the numbers the works leave on the exit door, for calibration only: the framework remains among the most-deployed CSS on earth…
readability: the second sentence repeats the first	A is the rule with its reason attached: every direct --bs-* read outsi || B is migration’s day-two reality, not the rule: on exit the vendor ref
readability: sentence too long to follow	A is the rule with its reason attached: every direct --bs-* read outside the file is a second owner of the vendor’s bag (lesson tw…
readability: sentence too long to follow	Read the plan against this hub’s eight lessons and grade it: “We will drop Bootstrap in one release: delete the CDN tags, let the …
readability: sentence too long to follow	Full credit needs seven pairs — absorption named at platform level (queries, custom properties, dialog, validation, layers, native…
readability: sentence too long to follow	পুরো নম্বরে সাত জোড়া লাগবে — absorption নামানো platform স্তরে (queries, custom property, dialog, validation, layers, native varia…
