# caching: 161 readability findings — fix in src/content/_specs/caching.mjs, then
#   node tools/reauthor.mjs caching && GATE_DETAIL=6 bash tools/audit/run.sh caching
# hub-level notes first, then one line per lesson finding.
readability: opener is too dense to start from	11 sentences, 15 words each
readability: jargon in the opener with no gloss	CHANGE
readability: opener is too dense to start from	5 sentences, 33 words each
readability: sentence too long to follow	The discipline is the industry’s admitted hard problem: name your staleness budget, price the lease accordingly (absolute vs slidi…
readability: sentence too long to follow	There are exactly four instruments in its armory, and every production incident you will ever debug is a missing instrument: (1) t…
readability: sentence too long to follow	If that is unacceptable, it does not belong in a cache, it belongs in the journal.” Notice what the budget does to architecture: i…
readability: one phrase repeated instead of explained	“the vault” x6 :: Every invalidation instrument so far approximates: the lease guesses when truth dies, the warrant guesses that
readability: opener is too dense to start from	13 sentences, 17 words each
readability: jargon in the opener with no gloss	ONE
readability: sentence too long to follow	Line up the six tollbooths on the chalk and price ONE product-page view on each landing the miss-chain could stop at: storefront b…
readability: sentence too long to follow	The drill grades the scarifier questions: (a) WHO may tag: only the response-authoring layer upstream of the tower — a CDN worker …
readability: the second sentence repeats the first	LAW PANEL the drill derives: you cannot fix freshness DOWN the chain w || EXIT TAPE, sung at dismissal: count the stamps from TRUTH to READER do
readability: sentence too long to follow	The drill files the certified stack as an audit table — Redis polled-data TTL 5s; app-memo-map TTL 30s; gateway max-age 60s; PoP s…
readability: metaphor where the mechanism belongs	ledger, grammar :: The tower as an instrument: five storeys, one key grammar, one ledger of tolls
readability: sentence too long to follow	STAGE ONE — THE STAIRCASE MURAL: the whole tower drawn as a six-landing staircase ascending left to right, each landing one storey…
readability: sentence too long to follow	(Key cardinality = legal keys served / bytes hoarded — the tower’s first gaze at a storey is always its key-density; every storey …
readability: sentence too long to follow	Production incident, district-filed, curated for maximum tower-embarrassment: a storefront’s homepage got personal — a "hi again" …
readability: sentence too long to follow	Storey 3 is where infrastructure teams file their first home mythologies: Varnish holds the entire freshness grammar as VCL subrou…
readability: sentence too long to follow	Storey 4 is the storey every developer finally TOUCHES with their own hands: Google-Guava-Caffeine/eloquent in-process maps, liber…
readability: sentence too long to follow	Storey 4.5, the one your clusters chip in for: the shared cache tribunal where JSON documents, rendered fragments and session trut…
readability: sentence too long to follow	The tower filed these as the six employment registers the next district holds open — cache-aside, read-through, write-through, wri…
readability: opener is too dense to start from	14 sentences, 26 words each
readability: jargon in the opener with no gloss	ONE
readability: one phrase repeated instead of explained	“the homeland” x7 :: Cache Hollow keeps one office the tower maps never drew: the employment hall behind the shelves. Every time a 
readability: sentence too long to follow	The difference from cache-aside is not what happens but WHO is employed to make it happen (and with employment comes the singlefli…
readability: sentence too long to follow	Then the drill files the TWO WINDOWS the pattern can never close: WINDOW ONE, the cold-miss payroll — every single write purchases…
readability: one word carries the whole paragraph	“write-through” x5 :: তৃতীয় রেজিস্টার জনবল পায় যেখানে তাককে কভুই এমন সত্য প্রতিফলিত করা চলবে না, যা জায়রবাড়ি প্রতিস্বাক্ষর করেনি
readability: sentence too long to follow	THREE EMPLOYMENT SHIFTS: WARM-UP SHIFT — after a restart or deploy the shelf is empty and every request is a miss; the office pre-…
readability: sentence too long to follow	The drill’s comparison sermon, because trainees mix them weekly: refresh-ahead is SCHEDULED by the office (proactive, runs whether…
readability: sentence too long to follow	STAMP ONE — THE CLERK NAMED: for every shelf in your system you can answer, without opening the code, who walks on a miss (caller …
readability: the second sentence repeats the first	PAYROLL LINE TWO, THE BELL THAT WAS NEVER RINGABLE: the platform had s || PAYROLL LINE THREE, THE FALSE-GREEN BOARD: p99 latency was BEAUTIFUL d
readability: sentence too long to follow	Production incident, Cache Hollow docket, curated for maximum office-embarrassment: a commerce platform ran textbook cache-aside o…
readability: sentence too long to follow	The funeral ledger survived by making the QUEUE durable (the WAL) BEFORE the ack, which is exactly rider-zero the drill taught: la…
readability: sentence too long to follow	The fifth register is the HARDWARE’S OWN PROFESSION before it is yours: the CPU prefetcher streams the next cache lines on stride …
readability: sentence too long to follow	THE TENURE VERDICTS the district files for hiring ushers lawfully: station ushers only where the SLO cannot tolerate a single corp…
readability: sentence too long to follow	The next district is THE EVICTION COURT, where the shelf itself presides over headcount law: LRU’s recency bailiff and her CLOCK c…
readability: one word carries the whole paragraph	“window” x6 :: (a) max = 10s × 1,500 = 15,000 increments (crash one instant before the flush). (b) expected = window/2 × rate
readability: opener is too dense to start from	19 sentences, 21 words each
readability: jargon in the opener with no gloss	THE
readability: sentence too long to follow	And CLOCK his cheap certified deputy), FIFO the arrival-only clerk (Belady’s anomaly served as the court’s cautionary verdict: fou…
readability: one phrase repeated instead of explained	“the court” x7 :: Cache Hollow’s court district occupies the building opposite the employment hall, and its jurisdiction is exac
readability: the second sentence repeats the first	The four surgeries are recited with their exact pointer counts: GET hi || Insert new node at head, map.SET; GET miss + full.
readability: sentence too long to follow	The certified prescription is DECAY (halve every counter on a schedule or per-period), priced exactly: decay halves the memory of …
readability: the second sentence repeats the first	TTL sits in court as the only personality whose verdict needs no proph || THE PROCEDURE VERDICT the court annunciates as statute: when the shelf
readability: sentence too long to follow	TTL sits in court as the only personality whose verdict needs no prophecy — the dead are dead — and the procedure certifies its ma…
readability: sentence too long to follow	Across repeated trials the sample’s idlest approximates the global idlest within a bounded error the squad measures directly: the …
readability: one phrase repeated instead of explained	“the court” x8 :: The court files four invisible registers that every production cache maintains whether its engineers know it o
readability: the second sentence repeats the first	And the one verdict the court makes every DBA recite against its own d || It is a VERDICT complaint: working set vs seats, prophecy vs scan, mea
readability: sentence too long to follow	The edge shelves are procedure-six’s largest parish: CDN PoPs hold millions of objects per disk and conduct sampled or segmented v…
readability: sentence too long to follow	Where one machine must preside over THREE courts at once, the district keeps the Ehcache docket: heap tier (fast, GC-taxed, small)…
readability: one word carries the whole paragraph	“evicts” x6 :: Walk the rope: seats fill A B C (3 misses); A@4 HITS (promote: B C A); D evicts B (C A D); E evicts C (A D E);
readability: sentence too long to follow	(b) Without decay the newcomer needs 10,000 knocks — at even a healthy 100 knocks/hour, 100 hours > one week; with decay, the thro…
readability: opener is too dense to start from	11 sentences, 39 words each
readability: jargon in the opener with no gloss	SYNCHRONIZED
readability: sentence too long to follow	The penthouse sees YOUR miss rate × tower reach), then raise the wall’s four certified ramparts: JITTER at every birth and renewal…
readability: sentence too long to follow	A stampede (thundering herd in the old bench gospel) is the superposition of two perfectly lawful states: SYNCHRONIZED EMPTINESS —…
readability: the second sentence repeats the first	The drill’s first field procedure inventories every clock that can emp || The drill then scores each clock on the wall’s two-axis report card: S
readability: sentence too long to follow	The drill’s first field procedure inventories every clock that can empty seats, and teaches the table by walking the registers: LE…
readability: the second sentence repeats the first	THE AUCTION THESIS: instead of a mark, keep a WINDOW before expiry dur || THE TICKET STATUTE: only the earliest winning ticket ACTUALLY re-compu
readability: sentence too long to follow	THE AUCTION THESIS: instead of a mark, keep a WINDOW before expiry during which EACH arriving request conducts a tiny raffle; XFet…
readability: the second sentence repeats the first	THE NEGATIVITY DOCTRINE: not-found IS a cachable truth, certified by t || THE DRILL’S CAUTION PANEL — because negativity is the one rampart that
readability: sentence too long to follow	THE FIELD MANUAL enumerates them by profession: scrapers enumerating SKU ids 1 to n; typo-driven URL permuters hammering a SPA pat…
readability: sentence too long to follow	The sixth and final rampart is the measurement doctrine the entire wall stands upon, because the stampede is the ONE failure class…
readability: sentence too long to follow	Hanging two — THE BELL CORRIDOR IN SECTION: a cutaway of the tower with its three corridors freshly painted: 500 mirror doors on t…
readability: the second sentence repeats the first	THE LEASE CONSTELLATION REGISTER (jitter’s body): every seated key car || THE BELL LEDGER (coalescing’s body): per level, one ledgers entry {key
readability: sentence too long to follow	THE LEASE CONSTELLATION REGISTER (jitter’s body): every seated key carries birth_ms and until_ms, and the constellation’s certifie…
readability: sentence too long to follow	The capstone tribunal of Cache Hollow, where the residence vow, the invalidation discipline, the tower, the hollow payroll, the co…
readability: sentence too long to follow	Production incident, wall docket, curated for maximum rampart-embarrassment: a commerce platform’s ranking-service team shipped pe…
readability: the second sentence repeats the first	The coalescing corridor has its certified civil engineers per language || THE PRACTICE DOCKET the drill files for all four: bells are per-proces
readability: sentence too long to follow	The coalescing corridor has its certified civil engineers per language: Go’s x/sync/singleflight is the hub’s ur-example (one func…
readability: sentence too long to follow	Fastly’s request collapsing (single-flight clustering at per-PoP level) plus its shielding POPs perform the shield-mode identical …
readability: the second sentence repeats the first	The probabilistic rampart has its canonical industry case-study filed || THE MODERN APPOINTMENTS the district files as heirs: stale-while-reval
readability: sentence too long to follow	The probabilistic rampart has its canonical industry case-study filed in the wall’s archive: Facebook’s memcache fleet academic re…
readability: the second sentence repeats the first	The tower’s base is not a passive target in the wall’s economy — moder || FOR UPDATE patterns when the price of additional connections is signed
readability: sentence too long to follow	The tower’s base is not a passive target in the wall’s economy — modern penthouse tiers carry herd-countermeasures of their own, a…
readability: opener is too dense to start from	12 sentences, 38 words each
readability: jargon in the opener with no gloss	THE
readability: sentence too long to follow	Master the version register that rides every copy (stamps, epochs, vectors), price the consistency spectrum as freshness contracts…
readability: sentence too long to follow	The residence vow priced memory; the invalidation discipline armed every lie with a warrant clock; the tower taught the fleet to c…
readability: sentence too long to follow	Every write lands on ONE copy first (a homeland region, a shield, a leader); every other copy receives it on a wire that has laten…
readability: the second sentence repeats the first	THE STAMP FORMULAE the drill certifies in order: LAMPORT COUNTERS for || THE POST OFFICE’S THREE LAWS, stamped on every outgoing value: (1) sta
readability: sentence too long to follow	THE STAMP FORMULAE the drill certifies in order: LAMPORT COUNTERS for a single-writer register (one counter per key, increment on …
readability: the second sentence repeats the first	READ-YOUR-WRITES (the first flag): the fleet guarantees the writer alw || MONOTONIC READS (the second flag): once a reader sees version N, no la
readability: sentence too long to follow	READ-YOUR-WRITES (the first flag): the fleet guarantees the writer always sees their own latest acknowledged write, by exactly one…
readability: the second sentence repeats the first	THE BUS ANATOMY, certified in order: publishers are the four licensed || THE GAP BUDGET, the arithmetic the district makes you expose to every 
readability: sentence too long to follow	THE BUS ANATOMY, certified in order: publishers are the four licensed writers only (the homeland tier, the shield tier, the region…
readability: the second sentence repeats the first	THE QUORUM FORMS the drill certifies first: for N witnesses of a regis || THE BENCH’S THREE SENTENCES, each priced by the drill: (1) THE MAJORIT
readability: sentence too long to follow	THE QUORUM FORMS the drill certifies first: for N witnesses of a register (N = 3 for regional caches, N = 5 for homeland lanes tha…
readability: the second sentence repeats the first	THE DRILL’S THREE FLOORS, certified in order: THE DIFF CANARY (a write || The district’s closing audit sentence, which the drill stamps on every
readability: sentence too long to follow	THE DRILL’S THREE FLOORS, certified in order: THE DIFF CANARY (a writer-process places sentinel writes on a fixed cadence — one st…
readability: sentence too long to follow	Hanging one — THE STAMP WINDOWS: three postmen at three windows (counter, hybrid, vector) stamping identical parcels; the first sh…
readability: sentence too long to follow	THE STAMP TABLE (the post office’s body): per replicated key, the highest stamp applied and the stamp history for unresolved sibli…
readability: the second sentence repeats the first	DOCKET STAMP THREE — THE AUTHOR’S IMMUNITIES: every write surface that || DOCKET STAMP FOUR — THE BUS DISCIPLINE: at-least-once delivery proven 
readability: sentence too long to follow	DOCKET STAMP ONE — THE STAMP COVERAGE: every replicated key carries a version witness (Lamport, hybrid, or per-writer vector) gene…
readability: the second sentence repeats the first	Apache Cassandra makes the contract exchange operational: per-query co || THE DRILL’S CERTIFIED PRACTICES, ordered by how much money they save: 
readability: sentence too long to follow	THE DRILL’S CERTIFIED PRACTICES, ordered by how much money they save: (1) default R = W = LOCAL_QUORUM under multi-DC replication …
readability: the second sentence repeats the first	The tower’s homeland tier is itself a replication veteran: streaming r || THE DRILL’S FILES on this tier: (1) replay_delay is not a knob to abol
readability: sentence too long to follow	THE DRILL’S FILES on this tier: (1) replay_delay is not a knob to abolish — monitor pg_stat_replication.replay_lag as a first-clas…
readability: the second sentence repeats the first	The tower’s far storefront — the CDN/edge lane — is where the accords || THE DRILL’S FILES for this lane: (1) PURGE LATENCY IS THE BUS BUDGET —
readability: sentence too long to follow	THE DRILL’S FILES for this lane: (1) PURGE LATENCY IS THE BUS BUDGET — measure it (most vendors publish 100 ms–5 s purges globally…
readability: sentence too long to follow	THE LESSONS THE DRILL FILES from that museum, priced by later fleets’ migrations: (1) sibling explosion is real (disjoint writers …
readability: the second sentence repeats the first	The public postmortem literature is the district’s favorite lending li || THE LENDING LIBRARY’S DRILL LIST, priced by how the incidents were dis
readability: sentence too long to follow	THE LENDING LIBRARY’S DRILL LIST, priced by how the incidents were discovered (not by how they were fixed): (1) Google’s Spanner c…
readability: sentence too long to follow	CASE ALPHA: a support agent edits a customer’s plan in the admin console (write acknowledged by us-east), the customer screen refr…
readability: sentence too long to follow	(c) R = 1 (any single surviving witness answers reads): keeping R + W > N forces W > 4, so W = 5 — every write needs ALL FIVE room…
readability: opener is too dense to start from	22 sentences, 18 words each
readability: jargon in the opener with no gloss	INDUSTRY
readability: sentence too long to follow	And TWO ENGINES underneath nobody sees until they bill you: THE MEMORY PARISH (where every object’s size is framed by its ENCODING…
readability: sentence too long to follow	And the district’s drill names the five verbs families that ship to the gallows by statute: keyspace enumeration (KEYS → SCAN), fa…
readability: sentence too long to follow	Cross any fuse and the object is rewritten in one spasm: a listpack-256 → hashtable conversion at 10,000 objects costs a jolt you …
readability: the second sentence repeats the first	THE LOOP ANATOMY the drill walks: aeEventLoop waits on file events (ep || THE STATUTE OF PEAKS: because nothing waits, EVERYTHING QUEUES — a 50 
readability: sentence too long to follow	THE LOOP ANATOMY the drill walks: aeEventLoop waits on file events (epoll), fires readable-handlers to parse RESP (with io-threads…
readability: sentence too long to follow	THE CHARTER: maxmemory sets the district’s memory budget; beyond it the deputies arrive per maxmemory-policy — the six working uni…
readability: sentence too long to follow	ACTIVE EXPIRY: the periodic cycle (hz=10) samples ACTIVE_EXPIRE_CYCLE_LOOKUPS_PER_LOOP (20) TTL-armed keys per pass, expires the d…
readability: sentence too long to follow	AOF (the oath ledger): every mutation appendfsync-tiered — always (fsync per write: durable to the letter, ~10× slower writes, the…
readability: the second sentence repeats the first	FLOOR TWO — THE SCATTER PROTOCOL: KEYS is banned at the registry gate; || FLOOR THREE — THE FAILOVER AND THE FLEET: Sentinel as the homeland-inc
readability: sentence too long to follow	FLOOR ONE — THE LATENCY P-TAPE: redis-cli --intrinsic-latency 5 establishes the KERNEL FLOOR (usually ~0.1–0.2 ms — the price of e…
readability: the second sentence repeats the first	(3) server.clients — every connected shopper costs a client object + q || (4) The AOF buffers + the fsync thread contract — appendfsync everysec
readability: sentence too long to follow	THE FIVE REGISTERS NOBODY AUDITS BUT EVERYONE PAYS: (1) server.db[i].dict + server.db[i].expires — the two parallel address books;…
readability: the second sentence repeats the first	THE DISTRICT STAMPS ITS OWN PASS SHEET, five docket stamps, all measur || The district’s own audit sentence, hung above every registry: the cler
readability: sentence too long to follow	THE DISTRICT STAMPS ITS OWN PASS SHEET, five docket stamps, all measurable on one host: STAMP ONE — THE FRAMING RECEIPT: MEMORY US…
readability: the second sentence repeats the first	Production incident, district docket, curated for maximum registry-emb || THE INCIDENT TAPE, second by second: at 02:04:11 ETL commits the first
readability: sentence too long to follow	Production incident, district docket, curated for maximum registry-embarrassment: a retail locator platform ran ONE Redis primary …
readability: sentence too long to follow	The canonical public docket of Instrument 1: Instagram Engineering published how they moved the user-id → photo-id mappings for hu…
readability: sentence too long to follow	RESP3 client tracking is the tower’s whole edit-distance argument remade at the driver layer: the Redis server itself now sells yo…
readability: sentence too long to follow	The district’s lending library the bench keeps open to the public: the Meta memcache papers (the lease-and-versine machinery at pl…
readability: sentence too long to follow	Compute: (a) the parish framing per row using the districtâs own arithmetic (robj ×2, dictEntry, SDS headers by length class — r…
readability: sentence too long to follow	(d) Because the ledger is not payload-proportional: robj, dictEntry and key-side SDS are FIXED surcharges per row (76 B here), so …
readability: sentence too long to follow	Compute: (a) the expected number of patrons delayed while the clerk walks the aggregate once; (b) the verdict the SLOWLOG examiner…
readability: sentence too long to follow	no — recite the CORRECT district form and approximate); (b) who the deputy evicts and why; (c) the reproduction you expected when …
readability: sentence too long to follow	(b) The deputy evicts the LOWEST post-decay counter among the sampled: B or E (both ≈0) — a tie broken by eviction heuristics at i…
readability: sentence too long to follow	Compute: (a) the fork stall order-of-magnitude (pagetable copy at 26 GB — the standing latency-history fork reading for this class…
readability: sentence too long to follow	(b) 90 s × 500 MB/s ≈ 45 GB dirtied − but capped: the transient cannot exceed the 26 GB dataset (every page can only dirty once), …
readability: opener is too dense to start from	14 sentences, 25 words each
readability: jargon in the opener with no gloss	ONE
readability: sentence too long to follow	At each bench the examination is the same six questions the whole hub distilled: who may LIVE here (residence), who must DIE here …
readability: sentence too long to follow	Read-your-writes broken at the closest mirror of all), die at the CDN colo that served her profile to 40,000 followers inside the …
readability: the second sentence repeats the first	And compound illusions run both directions: stellar per-tier numbers m || And mediocre per-tier numbers multiply into heroics that nobody budget
readability: the second sentence repeats the first	THE COMPOUND PRODUCT: define hit floors per tier as witnessed, never a || THE ADDITIVE TAIL: surviving-path latency at each tier stacks for the 
readability: sentence too long to follow	THE COMPOUND PRODUCT: define hit floors per tier as witnessed, never as hoped — browser B = 40% (release-day assets + private API …
readability: the second sentence repeats the first	DOCKET B-1 (browser ghost): the author edits, her own screen reverts — || DOCKET C-1 (CDN stale wave): purge fires correctly at T+100 ms but the
readability: sentence too long to follow	DOCKET B-1 (browser ghost): the author edits, her own screen reverts — arraigned at the browser bench, sentenced to the save-respo…
readability: the second sentence repeats the first	THE COURT/WALL FOUR: (9) the charter receipt — maxmemory ≤ 70–80% of p || THE ACCORDS/REGISTRY FOUR: (13) the stamp chain affidavit — every hand
readability: sentence too long to follow	THE RESIDENCE/INVALIDATION FOUR: (1) the lease table — every cached truth listed with its TTL, its staleness budget, and the arith…
readability: one phrase repeated instead of explained	“the registry” x6 :: The consolidated incident, tribunal docket, all doctrines seated: a commerce platform chose a Sunday 13:00 dep
readability: the second sentence repeats the first	And one SEALED FATAL EXCEPTION (the narrative URL that never got its c || THE REPAIR AUDIT, priced at six instruments at once: (1) L1 statutory 
readability: sentence too long to follow	13:02:30 — THE HERD rehearsed its own law against nothing: the old price’s death re-fetched at the guild’s CDN lanes, the registry…
readability: sentence too long to follow	EVCache documents the register fabric of Netflix: zone-redundant memory clusters with no cross-zone coupling at the data plane (th…
readability: sentence too long to follow	Cloudflare’s published purge architecture papers are the CDN bench’s docket: global purge APIs (by URL, by tag, by everything), me…
readability: sentence too long to follow	Wikipedia’s long-documented CDN/Varnish/MediaWiki stack is the tribunal’s capstone proof that these doctrines predate every commer…
readability: sentence too long to follow	Meta’s TAO ("The Associations and Objects" paper, VLDB 2013) is the town’s proof that the six hearings generalize past KV verbs: a…
readability: sentence too long to follow	And the tribunal keeps them filed under ghost docket numbers: cloud-provider cache-node-failure postmortems (registry restart → st…
readability: sentence too long to follow	The residence court pricing memory, the undertaker pricing leases, the miss clerks staffing the empty shelf, the eviction court sc…
readability: same Bengali word repeated	প্রতি x6
readability: sentence too long to follow	Compute: (a) the compounded origin exposure in rps for the read lane; (b) the SAME exposure when the registryâs floor is later d…
readability: sentence too long to follow	(d) Because floors compound multiplicatively and overall numbers are fabricated sums: "96% overall" collapses the jurisdiction inf…
readability: sentence too long to follow	Using the release-night hop table — browser 2 ms, CDN 15 ms, shield 8 ms, app-L1 40 ms, registry 1 ms, homeland 12 ms (each a surv…
readability: sentence too long to follow	During an audit, the jurisdiction map shows these five seams with their present state: (1) origin → registry: EXPLICIT stamp keys …
readability: sentence too long to follow	(5) UNLICENSED AND RANKED MOST CRITICAL (dockets R-1 and H-1 fused) — sentence: the failover seam without an LSN predicate is the …
readability: sentence too long to follow	For EACH, name the subpoena number (1–16) it answers AND the one residual gap the tribunal would still stamp as open: (a) "TTL tab…
readability: sentence too long to follow	(g) The standing line: a receipt is ANSWERED when it is dated within the quarter, measurable from the raw tapes naming witnesses, …
