# canvas: 75 readability findings — fix in src/content/_specs/canvas.mjs, then
#   node tools/reauthor.mjs canvas && GATE_DETAIL=6 bash tools/audit/run.sh canvas
# hub-level notes first, then one line per lesson finding.
readability: opener is too dense to start from	6 sentences, 58 words each
readability: jargon in the opener with no gloss	THE
readability: sentence too long to follow	THE HAND — getContext: the wall holds no brush; you request the hand — const ctx = canvas.getContext("2d") — and that context obje…
readability: one word carries the whole paragraph	“canvas” x8 :: ফ্রেস্কো হলো আর্দ্র প্লাস্টারে আঁকা চিত্র: রঙ ভিতরে ডোবে, দেওয়াল শুকায়, যা বসালেন দেওয়াল-ই তা — খসড়া নেই, 
readability: sentence too long to follow	THE HALL, IN ONE SENTENCE: canvas gives you a rectangle of wet plaster the browser keeps behind one DOM element, plus a stateful h…
readability: the second sentence repeats the first	MOVE ONE — mount the leaf: place <canvas id="wall"></canvas> where the || MOVE TWO — request the hand ONCE: const ctx = canvas.getContext("2d");
readability: sentence too long to follow	MOVE ONE — mount the leaf: place <canvas id="wall"></canvas> where the tree should carry it, and understand what the tree will and…
readability: one word carries the whole paragraph	“canvas” x5 :: বৈধ দেওয়াল ঝোলানো পাঁচ ধাপ, প্রতি ধাপ এক-একটি দিন-প্রথম পুরাণ অবসরিত করে। ধাপ ১ — পাতা আরোহিত করুন: যে-শাখায়
readability: sentence too long to follow	On modern engines steps 2–5 run on the GPU for large areas with a batched command list, which is why clear-and-replay of a whole 1…
readability: opener is too dense to start from	14 sentences, 21 words each
readability: jargon in the opener with no gloss	THE
readability: sentence too long to follow	THE SNOWBALL: the animation loop calls arc/lineTo/fill WITHOUT beginPath, so the current sheet accumulates every frame’s segments …
readability: romanised Bengali left in the twin	transform
readability: opener is too dense to start from	17 sentences, 20 words each
readability: jargon in the opener with no gloss	LAWS
readability: the second sentence repeats the first	PATTERN ONE — THE ORBIT (spin about a named point): save, translate to || Spelled for a card of width w, height h at center (cx,cy): save → tran
readability: sentence too long to follow	PATTERN TWO — THE VIEWPORT MATRIX: pan/zoom/rotate a world in one object {scale, x, y, angle}, and apply it at frame start with a …
readability: one word carries the whole paragraph	“restore” x6 :: চার ভাঁপ-নমুনা হাব-বোঝা বহন করে, সবার এক আচার: ভাঁপে যন্ত্র রেখে যেও না। নমুনা ১ — কক্ষপথ (নাম-দেওয়া বিন্দুকে
readability: the second sentence repeats the first	CASE ONE — “My scene rotates faster and faster and wanders off the wal || The rig’s three-step autopsy: (1) log the matrix at frame end — ctx.ge
readability: sentence too long to follow	CASE ONE — “My scene rotates faster and faster and wanders off the wall.” The stack contract was broken: the render function does …
readability: opener is too dense to start from	5 sentences, 78 words each
readability: jargon in the opener with no gloss	THE
readability: sentence too long to follow	চুল্লি — compositing: প্রতি ড্র-কল নতুন পিক্সেল (source) পুরনোর সাথে (destination) ctx.globalCompositeOperation-এ মেলে, মেনু এক বী…
readability: sentence too long to follow	SHELF ONE, PIGMENTS — the values fillStyle/strokeStyle accept: color strings in the four dialects (hex with its 3/6/8-digit forms,…
readability: the second sentence repeats the first	RUN FOUR — LIGHT AND SHADOW: for each floating card, the honest two-pa || RUN FIVE — KILN WORK: erasers are destination-out with a round-capped 
readability: sentence too long to follow	RUN ONE — FLATS: name your palette ONCE as constants (the 8-digit hex makes alpha a legible pair — "#264653" for ink, "#e9c46acc" …
readability: sentence too long to follow	FILTERS AND SHADOWS ARE EXTRA PASSES: shadow = render the shape, blur a black copy by the device-space radius, colorize with shado…
readability: sentence too long to follow	The fix is a stop with the SAME hue and zero alpha, "rgba(230,57,70,0)", which keeps the hue honest at both ends (and for the trul…
readability: romanised Bengali left in the twin	gradient
readability: sentence too long to follow	The wall can now be drawn and dressed; next it must BREATHE — The Fresco Frames (animation on the rAF metronome): the clear-and-re…
readability: opener is too dense to start from	8 sentences, 39 words each
readability: jargon in the opener with no gloss	THE
readability: the second sentence repeats the first	Why the bell and not setInterval: rAF is aligned to the display’s vsyn || THE FRAME LOOP SHAPE, once and for all: tick(now) { dt = clock(now); u
readability: sentence too long to follow	THE METRONOME — requestAnimationFrame: you hand the browser one callback and it calls you back ONCE, at the start of the next pain…
readability: sentence too long to follow	CLOCK TWO, THE STEP CLOCK — fixed timesteps for anything that must be deterministic: the loop decides WHEN physics bites, the fram…
readability: romanised Bengali left in the twin	gradient
readability: sentence too long to follow	MOVE ONE — the chain: let handle = requestAnimationFrame(tick); tick receives the timestamp; re-request at the TOP of the body (no…
readability: sentence too long to follow	rAF callbacks run at the start of this cycle — after the previous frame’s events, before style/layout/paint — which is why the dom…
readability: sentence too long to follow	The second suspect when dt is already honest: visual motion is safe at frame rate, but physics that “explains itself differently a…
readability: romanised Bengali left in the twin	player
readability: romanised Bengali left in the twin	demo
readability: opener is too dense to start from	7 sentences, 43 words each
readability: jargon in the opener with no gloss	UNDER
readability: sentence too long to follow	A canvas keeps its pixels in an organized store the engine may composite on the GPU, but the API hands you a view of them as a pla…
readability: sentence too long to follow	DOOR ONE — the read: pick the smallest honest region (a patch under the brush, not the whole wall), call getImageData once per ope…
readability: sentence too long to follow	এই পাইপ-ই কক্ষের প্রতি আইন ব্যাখ্যা করে: শুমারি কেন ফ্রেমপ্রতি নয় operation-প্রতি; কেন willReadFrequently (ব্যাকিং CPU-পাশে — bus…
readability: sentence too long to follow	Or was put back at the wrong coordinates (putImageData’s x, y is DESTINATION in device space, not where you think if the rig is sc…
readability: sentence too long to follow	Two dev-to-prod deltas create it: images from the CDN without CORS headers (or served cross-origin without the crossorigin attribu…
readability: opener is too dense to start from	7 sentences, 56 words each
readability: jargon in the opener with no gloss	THE
readability: one phrase repeated instead of explained	“the canvas” x7 :: The canvas had been a silent room: paint goes up, nothing comes back. THE LOOM strings the audience to the wal
readability: the second sentence repeats the first	THE LOOM strings the audience to the wall — and it is not a mouse in d || The loom’s first thread is CSS, not JS: touch-action: none (or pan-x /
readability: sentence too long to follow	THE LOOM strings the audience to the wall — and it is not a mouse in disguise: POINTER EVENTS are one API for every finger-family …
readability: the second sentence repeats the first	THE SHUTTLE deserves the memorization because it is exactly this, one || The ratio term is where three ghosts die: the DPR rig (bitmap twice th
readability: sentence too long to follow	THE THREAD, properly: pointer events are the modern unification — the dom hub’s mouse events remain for hover and buttons, but any…
readability: sentence too long to follow	STEP ONE, the surface: canvas element, touch-action: none in CSS from the start (not after the first bug report), and the meta vie…
readability: sentence too long to follow	THE DISPATCH: a real touch becomes pointerdown on the element under the contact point (hit-tested through the DOM, not the canvas …
readability: the second sentence repeats the first	CASE ONE — “Drawing jumps when the page scrolls / zooms / the sidebar || The audit: search for any cached rect or offsetLeft; the law: measure 
readability: sentence too long to follow	CASE ONE — “Drawing jumps when the page scrolls / zooms / the sidebar opens.” Every one of those is the shuttle measured once: a r…
readability: the second sentence repeats the first	THE STUCK ZOOM: a boolean inPinch set true at the second touch, and th || THE EVERLASTING STROKE: the second finger’s down set stroke = null and
readability: sentence too long to follow	THE STUCK ZOOM: a boolean inPinch set true at the second touch, and the second pointer then left via pointercancel (palm rejection…
readability: opener is too dense to start from	11 sentences, 35 words each
readability: jargon in the opener with no gloss	EXAM
readability: the second sentence repeats the first	THE STAGE, chosen so every lesson has a part: a paint studio — a wall || THE ARCHITECTURE is the charter recited in module form: state.ts owns 
readability: sentence too long to follow	THE STAGE, chosen so every lesson has a part: a paint studio — a wall (canvas) with a toolbar (a DOM row of tool buttons), a penci…
readability: the second sentence repeats the first	মঞ্চ, প্রতি-পাঠের-অংশ-থাকে-তেমনি: paint studio — দেওয়াল (canvas), too || স্থাপত্য সনদের পাঠ মডিউল-রূপে: state.ts WORLD-এর মালিক (strokes[], too
readability: sentence too long to follow	স্থাপত্য সনদের পাঠ মডিউল-রূপে: state.ts WORLD-এর মালিক (strokes[], tool, camera, undo/redo stack) বিশুদ্ধ অপারেশনের (addStroke, un…
readability: the second sentence repeats the first	state.ts is the ledger as a module: strokes is the whole truth (color, || render.ts is the store’s catalog in motion: pen strokes as midpoint qu
readability: sentence too long to follow	Read the file list as the seven-lesson spine: main.ts boots the wall (the charter’s canvas element, the rig’s DPR sizing, the fram…
readability: one word carries the whole paragraph	“prevents” x5 :: Because assembly is the actual skill: every lesson so far was a component, and the studio proves they were nev
readability: sentence too long to follow	ACT ONE, the skeleton (lessons one to three pay the rent): canvas in a flex layout that sizes by CSS, ResizeObserver wiring the ri…
readability: sentence too long to follow	WHAT THE FRAME LOOP DOES WHEN NOTHING MOVES: it rings, reads dirty = false, and bows out — sixty no-ops a frame is a micro-cost, a…
readability: the second sentence repeats the first	Three findings, three lessons: (a) touch-action was set on the canvas || no: it stored canvas coordinates; the culprit is the draft storing a s
readability: sentence too long to follow	Three findings, three lessons: (a) touch-action was set on the canvas but the GESTURE starts on the wrapper — the CSS partition mu…
readability: sentence too long to follow	The canvas hub travels with you into the react hub (where schedulers ride the same bell and the diff decides what repaints), the w…
