# css: 77 readability findings — fix in src/content/_specs/css.mjs, then
#   node tools/reauthor.mjs css && GATE_DETAIL=6 bash tools/audit/run.sh css
# hub-level notes first, then one line per lesson finding.
readability: opener is too dense to start from	5 sentences, 57 words each
readability: jargon in the opener with no gloss	EVERY
readability: the second sentence repeats the first	CSS is not a styling language but an ADJUDICATION system: on any page, || This lesson opens the casebook: the grammar of a rule (selector, decla
readability: sentence too long to follow	CSS is not a styling language but an ADJUDICATION system: on any page, dozens of rules can claim the same property of the same ele…
readability: the second sentence repeats the first	THE FILING OFFICE (delivery route): external stylesheets linked from < || The court’s freezing arithmetic: when three filings all claim the bord
readability: sentence too long to follow	THE SUBPOENA (selector): who stands accused — `p` summons every paragraph in the estate, `.report` summons anyone carrying the cla…
readability: sentence too long to follow	Default to the flat ledger: classes carry the design system (`.btn`, `.card`), ids never style (they are the HTML lesson’s fragmen…
readability: sentence too long to follow	Will your inheritance explicitly on border cases: `button { font: inherit; color: inherit }` fixes the most-litigated row in histo…
readability: the second sentence repeats the first	The receipts sat in THREE overturned verdicts, each paying the previou || Fix arithmetic: incident protocol FIRST (transcript read, three verdic
readability: sentence too long to follow	The receipts sat in THREE overturned verdicts, each paying the previous one’s debt: page_a.css hit a specificity tie with theme.cs…
readability: sentence too long to follow	compounding mechanism in three moves: the decree reverses the ORIGIN ladder (author-important out-files every normal author filing…
readability: sentence too long to follow	the will executes correctly and by law: color and font-family ARE inheritance-willed properties and flow down to plain descendants…
readability: sentence too long to follow	With !important flipping each tier and the user-important outranking your every decree by constitutional design), specificity SECO…
readability: sentence too long to follow	the columns are ordered POSITIONS, not currencies: compare left to right and stop at the first difference — column two says 2 clas…
readability: sentence too long to follow	ORDER OF APPEARANCE settles it — the later filing wins, meaning your import stack IS the court calendar (base → tokens → component…
readability: sentence too long to follow	the subject court opens on the RIGHTMOST compound: find every span on the page (thousands, priced), THEN climb each candidate UP t…
readability: opener is too dense to start from	9 sentences, 55 words each
readability: jargon in the opener with no gloss	AISLE
readability: sentence too long to follow	Browsers do not synthesize freely anymore), the rem arithmetic that prices this hub’s sizing politics (root-relative units honorin…
readability: the second sentence repeats the first	AISLE TWO — BACKGROUNDS, the backdrop court: `background-color` sits a || GRADIENTS as programmatic silk: linear-gradient(direction, stop%…) and
readability: sentence too long to follow	Keywords: `red`, `coral`, `rebeccapurple` — the 148-name registry (dignified for prototypes, teacher’s-blackboard uses, and curren…
readability: sentence too long to follow	WHY-ONE, COLOR IS A CONTRACT WITH MACHINES, NOT A FEELING: every brand-guideline hex code eventually meets (a) a screen with diffe…
readability: sentence too long to follow	Set the sizing law once: html font-size stays the BROWSER’s (100% default — a user lens changing it changes everything proportiona…
readability: the second sentence repeats the first	FOUR, TEXT-RENDING IS A MEASUREMENT, FIRST PAINT: text layout runs the || The reason list-rendering and fontMetric-driven layout shift (CLS) arr
readability: sentence too long to follow	The reason list-rendering and fontMetric-driven layout shift (CLS) arrivals hinge on text arithmetic: a font arriving late with di…
readability: the second sentence repeats the first	RULING THREE, the local-office variant: Kalpurush-only machines with t || Three days after rebrand, price labels on a government contract’s term
readability: sentence too long to follow	the appellant: every user who set a LARGER default font in the browser (failing eyes, reading comfort — the legally-recognized sea…
readability: sentence too long to follow	the scrim is a LUMINANCE FLOOR under the reading copy: a gradient like linear-gradient(rgba(0,0,0,.6) → transparent) composited be…
readability: opener is too dense to start from	4 sentences, 148 words each
readability: jargon in the opener with no gloss	REGISTER
readability: sentence too long to follow	1, transform, fixed, sticky, flex/grid children under certain fathers, creates its own country with its own ladder and citizens in…
readability: the second sentence repeats the first	REGISTER ONE — DISPLAY, the citizenship ledger: every element enters w || REGISTER TWO — POSITION, the deed registry: static is the default stre
readability: sentence too long to follow	REGISTER ONE — DISPLAY, the citizenship ledger: every element enters with a default citizenship (div/p/section hold block papers —…
readability: the second sentence repeats the first	দুইনম্বর রেজিস্টার — POSITION, দলিল-রেজিস্ট্রি: static হলো ডিফল্ট রাস্ || তিননম্বর রেজিস্টার — STACKING, স্তর-খাতা: z-index পুরো পৃষ্ঠাজুড়ে উচ্
readability: sentence too long to follow	But UIs need OVERLAY geography (a badge ON a card, a tooltip NEAR a field, a rail that FOLLOWS your scroll without hijacking the d…
readability: the second sentence repeats the first	Same law, other side of the ledger: the ancestor with transform became || Fix arithmetic: portal the modal (physically move its DOM to the end o
readability: sentence too long to follow	The receipts read stacking contexts as MAPS: the tooltip lived inside .pricing-card { transform: rotate(0.2deg) } — a design flour…
readability: sentence too long to follow	the debt: NO POSITIONED ANCESTOR — absolute deeds read “nearest ancestor with non-static position”, and with nobody on the chain r…
readability: sentence too long to follow	verdict: the tooltip is not competing with the panel at all — it lives in a DIFFERENT STACKING COUNTRY: one of its ancestors found…
readability: sentence too long to follow	true vocation: TEXT WRAP — an element left aside so following inline content flows around it (the figure-in-article pattern from 1…
readability: sentence too long to follow	precedent one, the badge: position: absolute on the badge + top: -8px commands NOTHING about pixels — it files a verdict request U…
readability: jargon in the opener with no gloss	FLEX
readability: jargon in the opener with no gloss	LINES
readability: keyterm 'track' definition too thin to learn from	One row or column.
readability: opener is too dense to start from	5 sentences, 64 words each
readability: jargon in the opener with no gloss	INSTRUMENT
readability: sentence too long to follow	With the two professional stakes: BREAKPOINTS AS CONTENT VERDICTS, not device scrolls (a breakpoint exists because the content STO…
readability: the second sentence repeats the first	INSTRUMENT ONE — THE VIEWPORT PASSPORT: <meta name="viewport" content= || INSTRUMENT TWO — THE MEDIA QUERY COURT: @media (min-width: 40rem) { … 
readability: sentence too long to follow	INSTRUMENT ONE — THE VIEWPORT PASSPORT: <meta name="viewport" content="width=device-width, initial-scale=1"> from the skeleton les…
readability: sentence too long to follow	WHY-THREE, DOCUMENT ORDER IS DOM LAW INHERITED: mobile-first is not taste but COMPLEXITY INHERITANCE: the small deed is structural…
readability: the second sentence repeats the first	ONE, MEDIA QUERIES EVALUATE AGAINST THE MACHINE’S OWN REGISTERS at par || TWO, CLAMP/MIN/MAX/CALC run inside the VALUE EVALUATION court — they a
readability: sentence too long to follow	ONE, MEDIA QUERIES EVALUATE AGAINST THE MACHINE’S OWN REGISTERS at parse-and-repaint time: the engine inspects the current viewpor…
readability: the second sentence repeats the first	The receipts priced the actual debt as the LESSON’S law: the breakpoin || Fix arithmetic in two passes: PASS ONE, the deeds re-written mobile-fi
readability: sentence too long to follow	The support channel printed its most elegant bug of the quarter: “the site looks perfect on my phone, perfect on my laptop, broken…
readability: sentence too long to follow	h1 { font-size: clamp(1.5rem, 1rem + 2vw, 2.5rem); } — the thermometer patented in one line: floor at 1.5rem (the smallest reading…
readability: sentence too long to follow	media-query arithmetic resolves against the ROOT FONT-SIZE REGISTER — the reader’s lens itself (px in a media query prices window …
readability: opener is too dense to start from	4 sentences, 87 words each
readability: jargon in the opener with no gloss	STAGE
readability: sentence too long to follow	STAGE ONE — THE TRANSITION REFEREE, serving two-state verdicts: a transition answers “when this property’s value changes, how does…
readability: sentence too long to follow	WHY-TWO, THE BUDGET LAW IS A PHYSICAL FACT, NOT A TASTE RULE: every pixel is repaid from the same frame budget (the 16.67ms invoic…
readability: sentence too long to follow	Write curves as verdicts, not noise: ease-out on entrances (decelerating arrival reading as confidence), ease-in on exits (acceler…
readability: sentence too long to follow	@media (prefers-reduced-motion: reduce) { .confetti { animation: none; } } — and the content-swap left OUTSIDE the clause, carryin…
readability: sentence too long to follow	transition: all is the over-broad warrant — a choreography claim without defendant (any property changing for any reason takes the…
readability: opener is too dense to start from	4 sentences, 90 words each
readability: jargon in the opener with no gloss	FLOOR
readability: the second sentence repeats the first	Floor one — THE LAYER COURT: @layer as the cascade's own zoning law (r || The specificity ledger of the cascade lesson gaining a coarser ledger 
readability: sentence too long to follow	The specificity ledger of the cascade lesson gaining a coarser ledger above it: no more escalation wars when a #sidebar .nav .item…
readability: the second sentence repeats the first	FLOOR ONE — THE LAYER COURT (@layer): the cascade lesson priced specif || FLOOR TWO — THE NAME REGISTER AND THE MINT: naming is the address syst
readability: sentence too long to follow	FLOOR ONE — THE LAYER COURT (@layer): the cascade lesson priced specificity as the ledger of one origin; layers install a coarser …
readability: sentence too long to follow	WHY-ONE, SPECIFICITY WARS ARE INFLATION: every escalation (descendant chain, id, !important) purchases today's override by devalui…
readability: the second sentence repeats the first	ONE, THE CASCADE SORT GAINED A WHOLE COLUMN: the styled-matching court || The sort now reads (origin, layer order, specificity, source order).
readability: sentence too long to follow	A file naming components before base has ESTABLISHED that jurisdiction order for the whole session, whatever the declarations late…
readability: the second sentence repeats the first	@layer reset, legacy, base, components, utilities, mint established by || Second finding priced in the same file: six “temporary” !important rul
readability: sentence too long to follow	The legacy wrap had been placed FIRST and the mint SECOND, meaning the old bundle's loudest beast (#sidebar .nav .item, specificit…
readability: sentence too long to follow	the mint doctrine priced completely: the accent exists exactly ONCE in the estate — --brand: #3b82f6 issued at :root in the base l…
readability: sentence too long to follow	The jurisdiction column examined BEFORE any selector is weighed, which is the structural heart of the whole lesson: an escalation …
readability: sentence too long to follow	Layers above specificity, mint over verbs, manifest as law): each courtroom inherits the price sheets of the ones before it (motio…
