# http: 73 readability findings — fix in src/content/_specs/http.mjs, then
#   node tools/reauthor.mjs http && GATE_DETAIL=6 bash tools/audit/run.sh http
# hub-level notes first, then one line per lesson finding.
readability: opener is too dense to start from	12 sentences, 15 words each
readability: sentence too long to follow	Six weeks, three theories, zero reproductions — until someone replayed the access log as METHODS rather than URLs: the hop POST /p…
readability: opener is too dense to start from	10 sentences, 18 words each
readability: jargon in the opener with no gloss	THE
readability: the second sentence repeats the first	The lab split the bug in half: instrument one was betrayed (a JSON API || The repair came in the lab’s exact vocabulary: (1) regrade the lease b
readability: opener is too dense to start from	8 sentences, 23 words each
readability: jargon in the opener with no gloss	THE
readability: one word carries the whole paragraph	“keep-alive” x5 :: যন্ত্র তিন — ছেঁড়া-বিধি, রিলেতে পর্যবেক্ষিত। একটি খাম অনুসরণ করুন প্রক্সি ভেদে। আগত অবস্থায় এসেছে বহন করে: `
readability: sentence too long to follow	It deserves its own courtroom, because preference claims are where the docket stops being descriptive and starts being ECONOMIC: e…
readability: opener is too dense to start from	12 sentences, 20 words each
readability: jargon in the opener with no gloss	AUCTION
readability: sentence too long to follow	You could fracture the atom (report.fr.html versus report.en.html versus report.json), and sometimes you should — but every fractu…
readability: one phrase repeated instead of explained	“application json” x8 :: THE LADDER — the step the salons of the early web fought hardest over, and the step that saves you weekly. Whe
readability: one word carries the whole paragraph	“application” x9 :: সিঁড়ি — সেই ধাপ যা নিয়ে প্রারম্ভিক ওয়েবের সেলুনগুলো প্রচণ্ড লড়েছে, আর যে ধাপ আপনাকে সাপ্তাহিক বাঁচাবে। যখন
readability: one phrase repeated instead of explained	“application json” x8 :: সিঁড়ি — সেই ধাপ যা নিয়ে প্রারম্ভিক ওয়েবের সেলুনগুলো প্রচণ্ড লড়েছে, আর যে ধাপ আপনাকে সাপ্তাহিক বাঁচাবে। যখন
readability: the second sentence repeats the first	ONE: the range `en` matches `en`, `en-US`, `en-GB`, `en-AU-x-private` || TWO — the asymmetry that fills postmortems: the range `en-US` matches 
readability: one word carries the whole paragraph	“en-us” x5 :: ভাষা-পাখা — কারণ ভাষারা মিডিয়া-রেঞ্জ-পাটিগণিত মানে না, আর মানার ভান করাই বাগ-খামার। Accept-Language-এন্ট্রি হ
readability: sentence too long to follow	The landmine is `identity;q=0` or *anything* that prices the uncompressed form at veto: a server that stocks ONLY the plain answer…
readability: sentence too long to follow	A convenience that silently SHRINKS the variant space at the door, which is usually fine and occasionally the exact bug you are st…
readability: the second sentence repeats the first	You will learn its seven inscriptions as a possession liturgy: the nam || We will price the jar’s physics (4 KB per cookie, ~180 per domain in m
readability: sentence too long to follow	The road carried no memory because the treaty carried none; HTTP is stateless by constitution, and the constitution was starting t…
readability: opener is too dense to start from	11 sentences, 23 words each
readability: jargon in the opener with no gloss	PLUS
readability: sentence too long to follow	HTTP is stateless by constitution — every knock arrives as a stranger — and the cookie is the clerical instrument the web invented…
readability: sentence too long to follow	The design problem was never “how do we add state” but “how do we add JUST enough remembrance that a sequence of stateless knocks …
readability: one phrase repeated instead of explained	“shop example” x7 :: INSCRIPTIONS FOUR AND FIVE — THE JURISDICTION GATES: Domain and Path. Recite the sandhi until it is reflex: a 
readability: the second sentence repeats the first	Recite the sandhi until it is reflex: a Set-Cookie with NO Domain insc || A Set-Cookie WITH `Domain=shop.example` widens the writ to the named h
readability: sentence too long to follow	PATH is the narrow gate most shops never bother with and pay for in mystery collisions: the cookie ships on any request whose path…
readability: one word carries the whole paragraph	“example” x6 :: চতুর্থ ও পঞ্চম খোদাই — এখতিয়ার-নগরদুয়ার: Domain ও Path। সন্ধিটা স্বাভাবিক-সাহিত্য না-হওয়া পর্যন্ত পাঠ করুন:
readability: the second sentence repeats the first	The ticket trail ran: user clicks the report link in Gmail → IdP login || The statute arraignment is chapter-and-verse: the IdP’s POST back to y
readability: sentence too long to follow	The ticket trail ran: user clicks the report link in Gmail → IdP login → POST response with a cross-site POST-redirect back to the…
readability: sentence too long to follow	The 401/403 grammar spoken as challenge law (WWW-Authenticate and the dance a client must be told to perform, versus the 403 wall …
readability: jargon in the opener with no gloss	SOMEONE
readability: sentence too long to follow	The realm string is era-invisible but load-bearing: it is the IDENTITY by which the browser partitions its cached answers ("do I h…
readability: sentence too long to follow	BASIC is the parchment confession: the params are `base64(username ":" password)` — and every decoder in the hallway can strip tha…
readability: sentence too long to follow	Now the fracture that has generated a decade of identical Stack Overflow posters: developers read the preflight as the API "challe…
readability: sentence too long to follow	Reject anything without Authorization, at the edge, for every route." Production outcome: login fine (same-origin roundtrip), then…
readability: sentence too long to follow	Three leak channels opened in one release, each priced at permanence: FIRST, the token now lives in URL space, and URL space is th…
readability: opener is too dense to start from	12 sentences, 23 words each
readability: jargon in the opener with no gloss	STATUTE
readability: sentence too long to follow	And teaches its full grammar as boundary law: the Accept-Ranges notice that advertises the office exists, the Range petition in it…
readability: sentence too long to follow	SEEK: the player jumped to minute forty of the two-hour encode; the container format tells the player WHICH byte shelf minute fort…
readability: sentence too long to follow	Multiply by a fleet of ten thousand agents and the "download cost" of one artifact becomes a standing line item in someone’s infra…
readability: one word carries the whole paragraph	“bytes” x6 :: প্রথম ভঙ্গি — বিজ্ঞাপন। যে-কোনো দরখাস্তের আগে অফিসের তার সময় প্রকাশ করা উচিত: একটি সাধারণ সম্পূর্ণ-বস্ত্র 200
readability: sentence too long to follow	The witness sitting between was the corporate proxy: a middlebox of the "helpful normalization" species that STRIPPED Range and If…
readability: opener is too dense to start from	13 sentences, 21 words each
readability: jargon in the opener with no gloss	PROPERTY
readability: sentence too long to follow	308 permanent), the POST→redirect→GET ceremony that every form flow secretly is, redirect loops and the arithmetic that detects th…
readability: the second sentence repeats the first	307 Temporary Redirect gives temporary journeys honest law: same addre || 308 Permanent Redirect (2015) is 301 with 307’s spine: the address mov
readability: sentence too long to follow	301 and 302 are HTTP/1.0’s original pair — permanent and "temporary," both drafted with clean method law on paper and broken in th…
readability: the second sentence repeats the first	METHOD LAW decides what crosses (301 and 302: on paper everything cros || Read the diagonals and the personalities appear: 303 is the only verdi
readability: sentence too long to follow	Two format disciplines follow: never emit a writ you have not URL-decoded from your own router’s whims (frameworks that prepend th…
readability: one phrase repeated instead of explained	“the receipt” x7 :: MOVE FOUR — THE CEREMONY, because 303 exists only inside it and it secretly runs your entire form economy. The
readability: sentence too long to follow	And ten thousand browser profiles LONG after your origin forgot it existed: you can update your server in an afternoon and spend m…
readability: sentence too long to follow	(Cookies, by contrast, ride mechanically per the jar’s sandhi on every hop that falls inside their inscribed Domain, which is why …
readability: sentence too long to follow	This is the mistake behind "the SPA route guard returned a 302 but nothing happened" (fetch/XHR DOES follow redirects — transparen…
readability: sentence too long to follow	Symptom, verbatim from the war room: "the docs site loads for everyone except Chrome users on the VPN, who get ERR_TOO_MANY_REDIRE…
readability: sentence too long to follow	Audit this handler for the security boundary it violates, name the attacker’s exact play, and prescribe the discipline: `app.get("…
readability: sentence too long to follow	The ceremony as wire: POST /comments (mutation, once, at a door refresh will not knock again) → 303 + Location: /comments/91 (the …
readability: opener is too dense to start from	8 sentences, 35 words each
readability: jargon in the opener with no gloss	FIX
readability: sentence too long to follow	It says NOTHING about the answers: the second knock may return a different status, a different body, a different timestamp — DELET…
readability: the second sentence repeats the first	CASE A: the petition died in flight; the office never saw it; the worl || CASE B: the petition arrived; the charge was REGISTERED; the office wa
readability: sentence too long to follow	That structuring is the entire discipline, and it comes in exactly three shapes: use verbs whose repetition is statute-free (PUT r…
readability: sentence too long to follow	These verbs owe the world nothing, so repetition is not merely permitted; it is ARCHITECTURALLY INVISIBLE — the freshness exchange…
readability: sentence too long to follow	When the domain cannot do replacement and cannot tolerate duplicates, the law must be MINTED ON THE WIRE, and the industry’s refer…
readability: sentence too long to follow	Failure is contagious across the fleet because failure is SYNCHRONIZED: the office hiccups at 14:03:00, five thousand long-polling…
readability: one phrase repeated instead of explained	“the world” x7 :: ★ COGNITIVE FRACTURE — "IDEMPOTENT MEANS THE SAME RESPONSE TWICE." The fracture is one word wide and it costs 
readability: sentence too long to follow	★ COGNITIVE FRACTURE — "IDEMPOTENT MEANS THE SAME RESPONSE TWICE." The fracture is one word wide and it costs quarters: idempotenc…
readability: sentence too long to follow	And the two outlaw alternates priced beside it: NO KEY (server retries POST with best-intent dedupe … and races both pods into a d…
readability: sentence too long to follow	THIRD, the verdict write rides the same commit as the local effect (the processor call being the one effect you cannot transact, t…
readability: sentence too long to follow	The fixes, in the order they shipped: full-jitter restore in the client (one line, the next release, 90% of the storm gone by cons…
readability: sentence too long to follow	Write the complete lawful wire for a payment retry that survives the silence: the first POST (with the two load-bearing headers), …
