# javascript: 115 readability findings — fix in src/content/_specs/javascript.mjs, then
#   node tools/reauthor.mjs javascript && GATE_DETAIL=6 bash tools/audit/run.sh javascript
# hub-level notes first, then one line per lesson finding.
readability: hub never gets past the basics	no internals or production-level lesson
readability: opener is too dense to start from	5 sentences, 70 words each
readability: jargon in the opener with no gloss	STATION
readability: the second sentence repeats the first	This lesson teaches the binding ledger — a variable is a NAME-TAG tied || Three leashes exist for pegs: const (the welded tag — binding fixed, v
readability: sentence too long to follow	This lesson teaches the binding ledger — a variable is a NAME-TAG tied to a value, never a box the value lives inside (every assig…
readability: one word carries the whole paragraph	“price” x5 :: আচরণ-মহল্লা খুলছে একটি টাকশাল দিয়ে: জাভাস্ক্রিপ্ট কিছু করার আগে তাকে আগে নাম দিতে হয়, আর নামকরণের পুরো একটা 
readability: the second sentence repeats the first	STATION ONE — VALUES, the coins themselves: a value is every atom of d || STATION TWO — VARIABLES, the name-tags: a variable is not a box (the b
readability: sentence too long to follow	STATION ONE — VALUES, the coins themselves: a value is every atom of data the engine can move (42, "dhaka", true, null, { room: 3 …
readability: sentence too long to follow	WHY-ONE, THE BOX MYTH INVOICES DAILY: believing that the variable CONTAINS the value produces the two classic budget leaks of begi…
readability: sentence too long to follow	Open the assay window first: console.log is the mint's gallery (browser console for this entire course — values echoed as you peg …
readability: sentence too long to follow	Peg with const by default, escalate to let on evidence: every first binding is const; the elevator to let is issued only when re-p…
readability: sentence too long to follow	Rebind objects correctly: the welded tag, the mutable innards — const user = { name: "raka" } followed by user.name = "nila" is le…
readability: the second sentence repeats the first	ONE, ENVIRONMENT RECORDS ARE THE TAG LEDGER: every scope the engine en || TWO, HOISTING IS A TWO-PHASE CONTRACT, and the specification reads it 
readability: sentence too long to follow	ONE, ENVIRONMENT RECORDS ARE THE TAG LEDGER: every scope the engine enters (script, block, function) opens a ledger page — an envi…
readability: the second sentence repeats the first	The receipts priced a mint-side folklore the debug tradition keeps as || The clerk registered the newline as a completed ledger line and filed 
readability: sentence too long to follow	The clerk registered the newline as a completed ledger line and filed return; — a bare return with an empty value: the function no…
readability: sentence too long to follow	Every linter configuration in the industry prices this lesson in its first ten rules (no-var as law, prefer-const as doctrine, sem…
readability: sentence too long to follow	the objection is overruled by the ledger: const welds the TAG, never the coin's interior — cart is pegged to one address in the he…
readability: sentence too long to follow	the guide ignores two load-bearing beams: SCOPE GEOMETRY — var is function-scoped, let is block-scoped, so a mechanical replacemen…
readability: opener is too dense to start from	10 sentences, 43 words each
readability: jargon in the opener with no gloss	THE
readability: sentence too long to follow	BENCH ONE — THE ARITHMETIC COUNTER: + - * / % ** as the standard trades, with the famous seam pronounced immediately: + is the ONL…
readability: the second sentence repeats the first	THE ARITHMETIC BENCH hears the standard trades (+ - * / % **, + also s || THE COMPARISON BENCH hears ordering claims for numbers and strings (< 
readability: sentence too long to follow	THE ARITHMETIC BENCH hears the standard trades (+ - * / % **, + also seated as the unary re-mintier that turns "42" into 42 in pla…
readability: sentence too long to follow	WHY-ONE, CONVERSION AT SEAM-TIME IS AN AUDIT FAILURE: the == doctrine was imagined as convenience (let users compare "5" and 5 wit…
readability: sentence too long to follow	Recite the falsy eight before naming any condition: the register is false, 0, -0, 0n, "", null, undefined, NaN — everything else t…
readability: sentence too long to follow	"PAID" : "DUE" — a claim whose purpose is producing a value on the spot), multi-candidate exact matches to switch (dispatching on …
readability: the second sentence repeats the first	— if YES: concatenate both confessions as strings (the other operand, || TWO, THE ABSTRACT EQUALITY ALGORITHM under == runs a documented ladder
readability: sentence too long to follow	ONE, THE + CONVERSION PASS IS A FORMAL PROTOCOL: evaluating any binary operator starts with ToPrimitive on both operands (objects …
readability: the second sentence repeats the first	The food-cart menu shipped its spiciness slider with one innocent line || The support channel printed the invoice the following morning, one tic
readability: sentence too long to follow	The support channel printed the invoice the following morning, one ticket carved into folklore for every member of the operator co…
readability: sentence too long to follow	YES → concatenate): "5" + 30 mints "530" as lawful verdict — the arithmetic bench was never even seated, the engine priced every s…
readability: sentence too long to follow	the verdict: shipOrder() RUNS — an empty array is TRUTHY (resident law: the falsy register holds exactly eight citizens — false, 0…
readability: sentence too long to follow	A seated zero and an honest empty string pass it untouched, the default firing only when the user has actually NOT claimed (null/u…
readability: sentence too long to follow	"PAID" : "DUE" — a claim whose existence is producing a value in place; nested ternaries and multi-act plays disguised as one line…
readability: sentence too long to follow	the lanterns are TWO DIFFERENT VAULTS answering the same < officer: the NUMERIC lantern pays in magnitude (IEEE arithmetic testify…
readability: opener is too dense to start from	3 sentences, 164 words each
readability: jargon in the opener with no gloss	THE
readability: the second sentence repeats the first	THE REPETITION MILL grinds repeated work into honest cycles: for as th || THE FUNCTION FOUNDRY then casts behavior into named, re-usable machine
readability: sentence too long to follow	THE REPETITION MILL grinds repeated work into honest cycles: for as the counter court (initializer, condition, step — one line hol…
readability: the second sentence repeats the first	THE MILL FLOOR holds three grinders and two marshals: the for grinder || THE FOUNDRY FLOOR holds three casting molds and the visibility ledgers
readability: sentence too long to follow	THE MILL FLOOR holds three grinders and two marshals: the for grinder with its three-clause ledger (for (let i = 0; i < items.leng…
readability: sentence too long to follow	WHY-ONE, REPETITION WITHOUT A MILL IS DEBT WITH INTEREST: copy-pasted blocks are invoices written against tomorrow (each copy pric…
readability: sentence too long to follow	Pick the grinder by itinerary: inventory-known traversals belong to for (counted shelves — the destination in the ledger line itse…
readability: sentence too long to follow	Choose molds by contract, not style: top-level machines that conveniences demand callable from anywhere get the declaration mold (…
readability: sentence too long to follow	Wire intakes and exits as instruments, not moods: parameters named after what they ARE (items not arr, amount not x in anything bu…
readability: sentence too long to follow	Read every machine one-way down the visibility ledger: after writing any function, audit which tags the machine genuinely needs (e…
readability: the second sentence repeats the first	ONE, THE CALL IS FRAME PAPERWORK: invoking a function creates a NEW fr || TWO, THE SCOPE LEDGER IS LEXICAL FROM BIRTH: tags resolve by geography
readability: sentence too long to follow	ONE, THE CALL IS FRAME PAPERWORK: invoking a function creates a NEW frame pushed onto the call stack (the engine's working page fo…
readability: the second sentence repeats the first	TAB ONE — THE MILL THAT WOULD NOT STOP: a synchronisation bulk-loader || The receipts priced the exit doctrine exactly: the weather being read 
readability: sentence too long to follow	TAB ONE — THE MILL THAT WOULD NOT STOP: a synchronisation bulk-loader was written while (response.hasMore) { fetch next page } wit…
readability: one word carries the whole paragraph	“hasmore” x5 :: রিলিজ-রাতের ড্রয়ার এই ডিবাগ-ফাইল রাখে দুই ট্যাবে, কারণ তল এক পালায় দুই চালান সরবরাহ করেছিল। একনম্বর ট্যাব — 
readability: the second sentence repeats the first	Every pagination routine in production runs the horizon gate, every da || TypeScript's function types formalize this exact mill paperwork for th
readability: sentence too long to follow	Every pagination routine in production runs the horizon gate, every data-migration script prices the do-while bench, every event l…
readability: sentence too long to follow	The mill grinds and the foundry casts; next the district stocks its two most-used shelves — ARRAYS as ordered inventory (map/filte…
readability: sentence too long to follow	The advancement arithmetic and the condition arithmetic priced on the SAME tag, or the same channel structure feeding both: for-aw…
readability: sentence too long to follow	the tray delivers undefined — the machine completed every grind correctly (out accumulated "ab" inside the frame as priced: the lo…
readability: sentence too long to follow	the stream belongs to WHILE — the horizon gate (itinerary unknown by definition: no counter ledger can price how many shelves exis…
readability: sentence too long to follow	at a call, a NEW frame is pushed onto the call stack — the working page priced for THIS call: parameters bound as fresh local tags…
readability: sentence too long to follow	DECLARATION: a machine cast with the SPECIAL WARRANT (function greet(){} hoisted WITH its body — the registration completed at pag…
readability: sentence too long to follow	scope IS a ledger because visibility in this language is recorded officially, in pages: every scope opening writes a new environme…
readability: opener is too dense to start from	7 sentences, 78 words each
readability: jargon in the opener with no gloss	THE
readability: the second sentence repeats the first	THE ARRAY SHELF stocks ordered inventory with zero-addressed bins (len || THE STRING COUNTER stocks text as immutable bolts of cloth (a string c
readability: sentence too long to follow	THE ARRAY SHELF stocks ordered inventory with zero-addressed bins (length as a LIVING count that never needs recounting by hand, […
readability: the second sentence repeats the first	WINDOW ONE, THE TRANSFORMATION COUNTER: map(fn) re-labels every item t || WINDOW TWO, THE UNIVERSAL COMPRESSOR: reduce((acc, item) => nextStep, 
readability: sentence too long to follow	THE ARRAY SHELF is an ordered inventory machine: bins addressed from zero (the first bin is [0], the last is [length-1] — the fenc…
readability: sentence too long to follow	WHY-ONE, MOST CODE IS LIST WORK: programs are, in the overwhelming majority, inventory arithmetic (records from a database, events…
readability: sentence too long to follow	Pick the counter by the claim you are pricing: transformation of every item maps (rendering lists, normalizing records — count pre…
readability: sentence too long to follow	Chain as a conveyor manifest, one claim per station: read every chain top to bottom (orders.filter(active).map(total).sort(desc) a…
readability: sentence too long to follow	Price the mutating tools only behind your own walls: push/pop as stacking commons inside your machine (accumulators and queues — t…
readability: sentence too long to follow	Treat strings as bolts, never as shelves: interpolation through the ${} vault always (backticks weaving values — the overloaded-pl…
readability: sentence too long to follow	Learn reduce by building the district on one fold: practice the four folds aloud (sum as acc + item, max as pairwise verdict, grou…
readability: the second sentence repeats the first	ONE, THE SHELF IS AN OBJECT IN A WORK APRON: an array is genuinely an || TWO, EVERY COUNTER CALL IS FOUNDRY WORK: map/filter/reduce run your ca
readability: sentence too long to follow	ONE, THE SHELF IS AN OBJECT IN A WORK APRON: an array is genuinely an object (type of [] is object — the mint lesson's seven-coin …
readability: the second sentence repeats the first	TAB ONE — THE LEADERBOARD THAT RANKED 9 ABOVE 80: a tournament leaderb || TAB TWO — THE BORROWED SHELF THAT CAME BACK REARRANGED: a utility impo
readability: sentence too long to follow	TAB ONE — THE LEADERBOARD THAT RANKED 9 ABOVE 80: a tournament leaderboard was rendered with rows.sort((a, b) => a.score - b.score…
readability: sentence too long to follow	Every list on the modern web is a conveyor manifest (React's rendering bench priced literally as items.map(...) — the JSX district…
readability: sentence too long to follow	Shelves stock ordered things; next the district learns the filing cabinet that stocks NAMED things — OBJECTS as keyed containers (…
readability: sentence too long to follow	the board renders [100, 80, 9] — the LEXICOGRAPHIC DYE verdict exactly as the bench priced: with no comparator handed in, the regi…
readability: sentence too long to follow	(1) MAP — the re-labeling counter (every item transformed one for one: order objects to receipt strings, the count preserved by co…
readability: sentence too long to follow	the export ships REVERSED — the theft priced exactly as the bench ruled: reverse() is a MUTATING tool restocking the bin in place …
readability: the second sentence repeats the first	because every counter IS a fold priced with intent: a fold is the repe || [...acc, x] : acc, []) — each grind gating the pour): the counters bei
readability: sentence too long to follow	because every counter IS a fold priced with intent: a fold is the repeating shape beneath ALL shelf machinery (walk, maintain a tr…
readability: sentence too long to follow	the badge renders in the ORIGINAL case — the immutable-bolt verdict exactly: toUpperCase() cuts a NEW BOLT and hands it back (the …
readability: sentence too long to follow	And the counters each price holes differently: map PRESERVES the holes (the conveyor shipping a sparse shelf with the same empty g…
readability: sentence too long to follow	The caller believed sort reached back (the folklore reading of chains, priced at the bench as stations being perceived as "one ope…
readability: opener is too dense to start from	8 sentences, 67 words each
readability: jargon in the opener with no gloss	THE
readability: the second sentence repeats the first	THE PROMISE is the district's registered futures crate: a crate with T || ASYNC/AWAIT is the tower's modern reading-stand: async functions alway
readability: sentence too long to follow	ASYNCHRONY is priced as the queue ledger: JavaScript owns ONE main street (the call stack — every frame from the foundry lesson wa…
readability: one phrase repeated instead of explained	“the street” x7 :: Three floors, climbed in one shift. THE STREET AND THE QUEUE: JavaScript runs one main street (the call stack 
readability: the second sentence repeats the first	THE PROMISE CRATE: the registered future itself, forged as new Promise || }) with TWO stamps (resolve(value) waxing the delivery intact, reject(
readability: sentence too long to follow	THE STREET AND THE QUEUE: JavaScript runs one main street (the call stack — every frame from the foundry lesson priced single-file…
readability: the second sentence repeats the first	WHY-FOUR, THE TWO QUEUES PRICE URGENCY: microtasks running ALL before || The queue ledger pricing consistency: a crate settled DURING macrotask
readability: sentence too long to follow	Delegation desks stacked inside delegation desks, error rivers priced per-desk inconsistently, orchestration of fleets priced as h…
readability: sentence too long to follow	Price every slow claim async-by-default: fetch as the network desk (fetch(url) returning a crate immediately — the HEADERS crate: …
readability: sentence too long to follow	Chain by returning, never by hoping: inside every .then desk, RETURN the next claim (missing return pricing the belt-break: the ne…
readability: sentence too long to follow	Fleet the independent, series the dependent: doctrine ONE — bells that need each other's arrivals price await-in-series (const use…
readability: sentence too long to follow	Govern the rivers deliberately: catch placement priced as RIVER DESIGN (a single .catch at the belt's end pricing all upstream riv…
readability: sentence too long to follow	Respect the microtask lane, yield the macrotask bell: promise reactions land between errand and errand (the two-queue doctrine pri…
readability: the second sentence repeats the first	ONE, THE CRATE IS A STATE MACHINE WITH TAPE: a promise is a record pri || TWO, THE UNIFORMITY DOCTRINE IS THE MICROTASK GLUE: every reaction fir
readability: sentence too long to follow	ONE, THE CRATE IS A STATE MACHINE WITH TAPE: a promise is a record pricing exactly one transition (pending → fulfilled | rejected …
readability: the second sentence repeats the first	TAB ONE — THE STALE ARRIVAL: a search box priced input listeners calli || The receipts priced the refund desk twice: REMEDY ONE — ABORT THE OLD 
readability: sentence too long to follow	TAB ONE — THE STALE ARRIVAL: a search box priced input listeners calling fetchResults(q) and rendering the crate on arrival — prof…
readability: sentence too long to follow	Error states priced as river doors), every dashboard is a fleet (Promise.all at module-load pricing the slowest widget as the page…
readability: sentence too long to follow	Next, the district opens its vault — CLOSURES priced as pocketed environment records (an inner machine walking out with the foundr…
readability: sentence too long to follow	the belt break is at the FIRST desk, priced exactly from the foundry's chute law: an ARROW-WITH-BRACES body that never RETURNS han…
readability: sentence too long to follow	the fleet verdict drowned the manifest: Promise.all prices ANY river as FLEET-DEATH (the first rejection firing the whole fleet's …
readability: sentence too long to follow	SEGMENT ONE runs at the CALL (boot() executing the head synchronously: one() registered, its crate received, and the machine SLICI…
readability: sentence too long to follow	PRESCRIPTION IN THREE LAYERS, each pricing its own desk: LAYER ONE — THE UPSTREAM RATION (debounce: the listening desk pricing a H…
readability: sentence too long to follow	the river skips DOWNSTREAM to the first answerable desk: save's throw pricing REJECTION machinery (the belt converting thrown clai…
readability: one word carries the whole paragraph	“catch” x6 :: নদী অধঃপ্রবাহে এড়িয়ে যায় প্রথম উত্তরদায়ী ডেস্কে: save-এর থ্রো প্রত্যাখ্যান-যন্ত্র মূল্যভুক্ত করছে (বেল্ট ন
readability: opener speaks to nobody	JavaScript has ONE call stack — it can do one thing at a time. The event loop is the rule-set that decides wha
readability: jargon in the opener with no gloss	ONE
