# jquery: 96 readability findings — fix in src/content/_specs/jquery.mjs, then
#   node tools/reauthor.mjs jquery && GATE_DETAIL=6 bash tools/audit/run.sh jquery
# hub-level notes first, then one line per lesson finding.
readability: opener is too dense to start from	6 sentences, 45 words each
readability: jargon in the opener with no gloss	e.target
readability: sentence too long to follow	Everything you learn about jQuery is downstream of that choice: implicit iteration (every method operates on every matched element…
readability: one word carries the whole paragraph	“jquery” x7 :: মোটর আসার আগে রঙ্গমঞ্চের রশিটা টানত দল যে পুরো ঘরের দড়ি কণ্ঠস্থ করে রাখত — ২০০৬-এর ওয়েবে সেই দলই jQuery। যে 
readability: the second sentence repeats the first	JQUERY IS A WRAPPER, not a replacement: it never owns the DOM, it keep || The contract — “write less, do more” — had three load-bearing clauses 
readability: sentence too long to follow	The contract — “write less, do more” — had three load-bearing clauses in 2006 that read like trivia today and like law then: ONE, …
readability: one word carries the whole paragraph	“jquery” x6 :: JQUERY এক মোড়ক, প্রতিস্থাপন না: সে DOM-এর মালিক কখনো না, সে এক সাজানো-ডুপ-মোটানো নোড-তালিকা আর ক্রিয়ায়-ভরা 
readability: sentence too long to follow	THE FACTORY: $(selector, context) queries; $(domNode) wraps a node; $(htmlString) creates detached nodes you can fill before inser…
readability: sentence too long to follow	THE VERBS AND THEIR DIRECTIONS: setters and traversals return collections — .find, .filter, .closest, .parent, .children, .next, .…
readability: sentence too long to follow	THE POLITE EXISTENCE: load the CDN before your script, wrap in (function($){ … })(jQuery) or use the AMD define, call jQuery.noCon…
readability: the second sentence repeats the first	OPEN jquery.js AT THE FIRST HUNDRED LINES AND THE WHOLE DESIGN SITS IN || The loop closes three ways: the factory is a function that returns a n
readability: sentence too long to follow	OPEN jquery.js AT THE FIRST HUNDRED LINES AND THE WHOLE DESIGN SITS IN ONE ODDITY: jQuery = function(selector, context){ return ne…
readability: one word carries the whole paragraph	“jquery” x10 :: jquery.js-এর প্রথম-শ’ লাইন খুললে পুরো স্থাপত্যটাই এক বিস্ময়ে বসে থাকে: jQuery = function(selector, context){ 
readability: the second sentence repeats the first	jquery.js-এর প্রথম-শ’ লাইন খুললে পুরো স্থাপত্যটাই এক বিস্ময়ে বসে থাকে || লুপটা তিনভাবে বন্ধ হয়: ফ্যাক্টরি এমন function যা new টাইপ-না-করেই সাজ
readability: sentence too long to follow	The plugin economy: jQuery.fn.myThing = function(){ return this.each(...) } — one line of API and a whole ecosystem of $.fn.toolti…
readability: sentence too long to follow	The era’s real lesson is timing discipline: ready means “the tree is walkable” (images and fonts may still land — hence “worked in…
readability: sentence too long to follow	The shim-first order is what converts the 6,000-call mountain into reviewable steps: the census tells you jQuery is mostly .find, …
readability: opener is too dense to start from	5 sentences, 43 words each
readability: jargon in the opener with no gloss	EVERY
readability: the second sentence repeats the first	EVERY jQuery selector call begins at a fork: init asks is the string a || The fork is why selectors behave like data with code’s consequences: t
readability: sentence too long to follow	EVERY jQuery selector call begins at a fork: init asks is the string a tag-only quick path (getElementsByTagName), an id (getEleme…
readability: sentence too long to follow	The de-duplication and ordering guarantees are the quiet reason composition works: .add() with overlap, .not() subtracting a secon…
readability: sentence too long to follow	SELECT LIKE A CONTRACT AT BOUNDARIES: where the selector meets user, route, or template input — tab identifiers, search boxes, per…
readability: sentence too long to follow	The entry is tokenize: the selector string is chewed into token groups (combinator, id, class, attribute, pseudo) with the quoted-…
readability: sentence too long to follow	TICKET TWO — the quotation mark that read the archive: the site search passed user input into $(’.result[data-q="’ + q + ’"]’); a …
readability: sentence too long to follow	Or with one more step of courage, a single class on the container plus a CSS :where(.item[id]) rule… and teams that reach for that…
readability: opener is too dense to start from	10 sentences, 24 words each
readability: jargon in the opener with no gloss	EVERY
readability: sentence too long to follow	THE ATTR/PROP SPLIT is the law’s first lesson: HTML attributes are the static text in the tag (what the author wrote, what the ser…
readability: sentence too long to follow	DATA WITH A DISCIPLINE: seed in markup, own in cache, and document the direction — attributes are authored once and never written …
readability: the second sentence repeats the first	jQuery keeps a global element-data map — internally an object keyed by || The .data read path is a treaty: first the per-element cache, if it ex
readability: sentence too long to follow	The .data read path is a treaty: first the per-element cache, if it exists; otherwise scan the element’s data-* attributes, camelC…
readability: one word carries the whole paragraph	“cache” x8 :: data cache পুরনো ইঞ্জিন-ঘর, আর তার স্থাপত্যই এই পাঠের প্রতি আচরণ ব্যাখ্যা করে। jQuery global element-data map 
readability: sentence too long to follow	B names the one-line difference that powers every swap-and-repaint flow: remove’s cleanup path unbinds handlers and drops the per-…
readability: one word carries the whole paragraph	“through” x5 :: Predict the output. A button ships markup with data-count equal to 10. The script: read n through .data; then 
readability: sentence too long to follow	The judgment’s economics close the workshop: runtime-marked attributes are the most expensive state store in web history — every c…
readability: opener is too dense to start from	12 sentences, 18 words each
readability: jargon in the opener with no gloss	THE
readability: sentence too long to follow	jQuery’s event system was three API generations wearing one coat: .bind put a closure directly on the element (fine for a button, …
readability: sentence too long to follow	Because the event object was a border war the library had to cross for us: Internet Explorer handed handlers nothing through the w…
readability: sentence too long to follow	NAME THE CIRCUITS: every component wires with a namespace equal to its name — .on(’click.wizard’, ...) — and its teardown is .off(…
readability: one word carries the whole paragraph	“event” x5 :: event পড়ুন, পুরোগল্প না: handler-এর this মেলা node, event.target চাপা node (button-এর ভিতরের icon-এ ক্লিকে খব
readability: the second sentence repeats the first	When the first handler binds to a type on an element, jQuery attaches || The browser then does what it was built for: the event reaches handle(
readability: sentence too long to follow	When the first handler binds to a type on an element, jQuery attaches exactly one real browser listener — the function handle — to…
readability: the second sentence repeats the first	element-এর কোনো type-এ প্রথম handler বাঁধার মুহূর্তে jQuery ঠিক একটাই || ব্রাউজার তখন নিজের কাজ করে: বুবলে event handle() পৌঁছায়, যে কিছু prop
readability: the second sentence repeats the first	TICKET TWO — “the delegated handler runs, but the row won’t navigate — || TICKET THREE — “blur loses focus when I tab out, but only on the wizar
readability: sentence too long to follow	TICKET ONE — “every row counts double after the tab reopens.” The init function binds its grid handlers, and the tab re-init calls…
readability: sentence too long to follow	In a jQuery handler, return false means preventDefault plus stopPropagation — one keystroke that saved line count in 2008 and inve…
readability: one word carries the whole paragraph	“click” x7 :: Predict the log. Wiring: on(’click.a’) pushes ’A’, on(’click.b’) pushes ’B’, one(’click.b’) pushes ’B2’; then 
readability: one word carries the whole paragraph	“click” x7 :: log ভবিষ্যদ্বাণী। তারজাল: on(’click.a’) ’A’ বসায়, on(’click.b’) ’B’ বসায়, one(’click.b’) ’B2’ বসায়; তারপর o
readability: sentence too long to follow	The exercise walks the whole dispatch table in nine lines and grades nothing but honesty about order: namespace-only off (the .a c…
readability: sentence too long to follow	The judgment grades the architecture, not the syntax: the fix works because the dispatch table is per-container and per-type — one…
readability: opener is too dense to start from	4 sentences, 57 words each
readability: jargon in the opener with no gloss	EVERY
readability: the second sentence repeats the first	EVERY jQuery EFFECT IS THE SAME THREE-LINE PROMISE, and the crew shoul || Everything else is dial settings: .fadeIn is animate on opacity from i
readability: sentence too long to follow	EVERY jQuery EFFECT IS THE SAME THREE-LINE PROMISE, and the crew should be able to write it on the board from memory: when the ani…
readability: the second sentence repeats the first	The details that became folklore: the engine snapshots values at start || The stop verbs are queue surgery, nothing mystical: stop with no argum
readability: sentence too long to follow	jQuery keeps one global list of active animations — in the 1.x era, a single interval timer with a famous 13-millisecond tick that…
readability: sentence too long to follow	B is the era’s engineering and the internal block’s arithmetic: a single interval (13 milliseconds, tuned to slide inside the then…
readability: sentence too long to follow	The judgment grades the two laws over the verbs: the budget law (animate what composites; geometry at sixty hertz is a denial-of-s…
readability: opener is too dense to start from	13 sentences, 21 words each
readability: jargon in the opener with no gloss	THE
readability: the second sentence repeats the first	THE SAME-ORIGIN LAW is the wall everything else routes around: a scrip || That single sentence is the whole bargain: you traded the wall for eva
readability: sentence too long to follow	jQuery’s $.ajax was the most modern thing the library ever sold: one options table over a transport war — the XMLHttpRequest objec…
readability: sentence too long to follow	Feeding the converters dictionary through which the response text is cooked in order until it becomes the promised type, which is …
readability: sentence too long to follow	Because every part of the bargain was paid in JavaScript: a JSONP response is code executed at global scope with your page’s privi…
readability: the second sentence repeats the first	The full station list, in document order: at send — ajaxStart (counter || The subtle points that separate review from memorization: beforeSend r
readability: sentence too long to follow	The full station list, in document order: at send — ajaxStart (counter zero to one), ajaxSend (per-request, after beforeSend, befo…
readability: sentence too long to follow	The audit’s line is that every cross-domain request states its transport like it states its type, because the difference between a…
readability: opener is too dense to start from	9 sentences, 24 words each
readability: jargon in the opener with no gloss	THE
readability: sentence too long to follow	THE SUBSCRIPTION IS THE INVENTION: attach .done, .fail, .always, .progress and each is a row in a callback list, a queue with flag…
readability: sentence too long to follow	Because callbacks had become an architecture crisis, not a style: error handling that had to be remembered per call (the error par…
readability: sentence too long to follow	Because the deferred is a protocol for ownership, and distributed systems are ownership: resolve means “I finished”, reject means …
readability: sentence too long to follow	Because the chaining rule turned callbacks inside out and the industry has not recovered: with .then’s return-value law, asynchron…
readability: sentence too long to follow	RETURN, DO NOT PASS: a function that will take time returns $.Deferred().promise() and stores the lever privately — resolve where …
readability: sentence too long to follow	COMPOSE WITH THEN, FAN-IN WITH WHEN: each then’s return is the language of the next — plain value for data, deferred for waits, no…
readability: sentence too long to follow	The indent collapses: flows that were pyramids of callbacks — fetch, parse, fetch again, render, each level passing the next funct…
readability: sentence too long to follow	Interfaces gained honesty: a service that returns a deferred states its whole contract in one type — a value or a reason, once, an…
readability: the second sentence repeats the first	TICKET ONE — “the chain stopped at step two and nothing said a word.” || TICKET TWO — “the modal sometimes double-renders.” Code on 2.1 assumed
readability: sentence too long to follow	TICKET ONE — “the chain stopped at step two and nothing said a word.” A .then handler that rendered the data returned nothing — an…
readability: sentence too long to follow	async and await are this lesson’s chains folded into syntax: every await is a .then continuation the compiler writes, every try-ca…
readability: sentence too long to follow	B is the composition rule without sentiment: the return value is the payload, an empty return is an empty payload, and every subse…
readability: sentence too long to follow	A is the two-act history: the earliest .then ran the handler for its side effects and handed on the original deferred, so returns …
readability: sentence too long to follow	The judgment’s economics: the callback version pays for the protocol at every call site — two arguments, two conventions, one forg…
readability: opener is too dense to start from	11 sentences, 20 words each
readability: jargon in the opener with no gloss	HAS
readability: sentence too long to follow	And the great migration’s confession, printed here so the next apprentice reads it early: the era that this hub just finished did …
readability: sentence too long to follow	The method that came out is the one this hub preaches because it is the only method that survives contact with real pages: freeze …
readability: romanised Bengali left in the twin	flow
readability: sentence too long to follow	And each patch does two things, in this order: reinstall the removed member (a prototype method restored from the library’s own ol…
readability: sentence too long to follow	The platform idioms absorbed the crew: the same people who deleted the fades wrote classList and transitions, who deleted the live…
readability: sentence too long to follow	TICKET TWO — “we migrated last year; jQuery is still load-bearing.” The audit found Migrate 3.4 in production with the 1.12 core s…
readability: same Bengali word repeated	টিকিট x6
readability: sentence too long to follow	The pattern repeats at every layer of the stack, which is why this hub is training and not trivia: underscore and lodash’s migrati…
readability: sentence too long to follow	THE RACK IS EMPTIED AND THE TOOLS ARE HUNG BY THEIR OWN NAMES now: the dollar was a factory, the selector a ledger, the tree a wor…
