# kubernetes: 137 readability findings — fix in src/content/_specs/kubernetes.mjs, then
#   node tools/reauthor.mjs kubernetes && GATE_DETAIL=6 bash tools/audit/run.sh kubernetes
# hub-level notes first, then one line per lesson finding.
readability: opener is too dense to start from	5 sentences, 33 words each
readability: jargon in the opener with no gloss	ONE
readability: sentence too long to follow	First WHY ONE MACHINE IS A CEILING, NOT A PLAN: a box is a single point of grief — its kernel, its power supply, its Tuesday — and…
readability: sentence too long to follow	A POD is one or more containers bound as one atom: they share ONE network namespace (one IP, one localhost — containers inside can…
readability: sentence too long to follow	FAILURE ARITHMETIC: a production service on one node has its availability capped by that node’s luck; three replicas across nodes …
readability: sentence too long to follow	Enter the atom only through doors: kubectl logs <pod> for stdout, kubectl exec -it <pod> -- sh for a shell, kubectl port-forward <…
readability: sentence too long to follow	Delete atoms to test the PARENT, not the atom: kubectl delete pod <id> — watch a replacement appear with a fresh name while the re…
readability: sentence too long to follow	Apply the default deployment and watch the lesson write itself: three records appear under the Pending queue (desire filed, realit…
readability: the second sentence repeats the first	THE KUBELET LOOP: each node’s kubelet watches the API server for pods || THE CNI WEAVE: the Container Network Interface plugin allocates the po
readability: sentence too long to follow	THE SANDBOX: every pod is born with a hidden PAUSE container whose only job is to hold the namespaces open — members join ITS netw…
readability: sentence too long to follow	The fix was the vow: kubectl apply -f ledger-api.yaml with the repaired image (then git-bisect the CI step that skipped apply on r…
readability: sentence too long to follow	pod members JOIN one shared network namespace (the hidden pause container holds it open): one loopback, one IP table, one port spa…
readability: sentence too long to follow	a bare pod owns its own death: no parent re-files it after eviction, node drain, or crash, and no controller owns its rollouts — t…
readability: sentence too long to follow	two columns of one argument disagree: desire has conceded 3 claims, reality sustains only 1 ready chair — the cause lives in the E…
readability: opener is too dense to start from	7 sentences, 29 words each
readability: jargon in the opener with no gloss	SHOULD
readability: sentence too long to follow	First THE TWIN REGISTERS: every Kubernetes object exists TWICE — the DESIRED state you wrote into etcd with apply (its spec is scr…
readability: sentence too long to follow	Open any object and you will find the twin registers side by side: SPEC is the column you write — desired replica count, image, re…
readability: sentence too long to follow	WHY-ONE, IDEMPOTENCE AS SURVIVAL: the reconciliation loop can be run ten thousand times against the same desired row and produce o…
readability: sentence too long to follow	The visualizer is this lesson drawn: the DESIRE panel (deployments with their replica counts) argues with the OBSERVED panel (runn…
readability: sentence too long to follow	THE BOOK: etcd stores the register under /registry/… with strict-majority consensus (Raft — the distributed-systems hub’s choir, r…
readability: sentence too long to follow	The autopsy read in under four minutes (the transcript volunteered): the Service was born three years earlier with selector { app:…
readability: romanised Bengali left in the twin	cronjob
readability: sentence too long to follow	Next lesson: the NAMED SHAPES of work — Deployment’s rollout budgets and undo history, ReplicaSet as the claim queue you never tou…
readability: sentence too long to follow	fully converged anyway: events are alarm clocks, not news — the next reconcile pass (watch wake or periodic resync, whichever firs…
readability: sentence too long to follow	the file wins: the three-way merge rewrites spec back to the git truth and the hand-edit evaporates at the next reconcile — the do…
readability: sentence too long to follow	idempotence by construction: each pass reads desired AND observed fresh, computes a delta, and files claims ONLY for what is still…
readability: sentence too long to follow	ownerReferences: each child carries the lineage of its claimant parent, controllers refuse to mutate children they do not own, and…
readability: sentence too long to follow	paranoia priced in minutes: a silently missed watch event (broker restart, brief partition) would otherwise age forever; the perio…
readability: opener is too dense to start from	8 sentences, 26 words each
readability: jargon in the opener with no gloss	DEPLOYMENT
readability: the second sentence repeats the first	A DEPLOYMENT says: N identical stateless atoms, replaceable at will, c || A REPLICASET says: hold this count of THIS template — it is the claim 
readability: sentence too long to follow	A DEPLOYMENT says: N identical stateless atoms, replaceable at will, changed ONLY by rolling generations — it owns a ReplicaSet pe…
readability: sentence too long to follow	WHY-ONE, CHANGE WITHOUT WINDOWS: the deployment’s budgets are the compose-healthcheck lesson one control plane up — new atoms must…
readability: sentence too long to follow	Keep undo cheap by keeping history: kubectl rollout history deploy/x reads the register’s memory of pens — and kubectl rollout und…
readability: sentence too long to follow	Tolerate before you daemon: agents that must sit on tainted nodes (dedicated=db, control-plane) need their tolerations written in …
readability: sentence too long to follow	Price the End before the start: every Job declares completions + parallelism + backoffLimit up front (a migration job: completions…
readability: sentence too long to follow	Observe the shapes with their own verbs: kubectl get jobs, kubectl get cronjobs, kubectl describe statefulset — every shape keeps …
readability: sentence too long to follow	REPLICASET SETS: the pod-template-hash means a deployment is a small genealogy — the revision you are rolling FROM holds the old t…
readability: sentence too long to follow	The mechanism, once the ledger was allowed to speak: the new image crashed on boot (a config key the staging fleet had and prod di…
readability: sentence too long to follow	the NAME (db-1 resolving identically via the headless service), the DISK (the PVC minted by volumeClaimTemplates for ordinal 1, su…
readability: sentence too long to follow	it deletes the claim queue but not the DESIRE that writes it: the parent reconciles and re-files the exact ReplicaSet (or its twin…
readability: sentence too long to follow	a scheduling verdict, not a bug: describe the Pending/missing claim — taint without toleration, resource exhaustion at the chair, …
readability: sentence too long to follow	ordered death n-1 → 0 and ordered birth 0 → n-1 are the quorum’s permission slip written as kubectl verbs: at every SECOND at leas…
readability: opener is too dense to start from	9 sentences, 28 words each
readability: jargon in the opener with no gloss	ARE
readability: sentence too long to follow	Second CLUSTERIP, NODEPORT, LOADBALANCER AS THREE PERIMETERS: inside-only (the default and the finest), every-chair’s-port (the de…
readability: sentence too long to follow	LOADBALANCER: the control plane phones the cloud API and buys real frontage — a public IP and health checks wired outside-in; the …
readability: sentence too long to follow	WHY-TWO, PERIMETERS AS ECONOMICS: every reachability is attack surface AND invoice — the LoadBalancer is billed per hour per rule,…
readability: sentence too long to follow	Name the promise, then PROVE the truth-set: kubectl get endpoints ledger-api must list live addresses BEFORE any client work — an …
readability: sentence too long to follow	Read DNS from INSIDE the atom: kubectl run -it --rm debug --image=nicolaka/netshoot -- nslookup ledger-api — the directory answers…
readability: sentence too long to follow	Audit the perimeter monthly: kubectl get svc -A -o wide + ingress list, diffed against the ADR registry — perimeters rot by accret…
readability: sentence too long to follow	TWO, THE PER-NODE ACCOUNTANT: kube-proxy (iptables mode) sees the API objects and programs DNAT rules on its chair — a packet to t…
readability: sentence too long to follow	The mechanism, priced: the selector minted a truth-set of NOBODY; DNS served the empty promise politely (names resolve; truth-sets…
readability: one word carries the whole paragraph	“ledger-api” x5 :: পেজে লেখা: “api.ledger.example ফেরত দিচ্ছে connection refused (মাঝে মাঝে)”। লোককথা প্রথমে এল, সবসময়ের মতো: “I
readability: sentence too long to follow	mechanism: the client rewrote its connection ONCE to one pod IP (conntrack/five-tuple pinning) and the truth-set reshuffled beneat…
readability: sentence too long to follow	it prices reachability twice — as ATTACK SURFACE (every public name is audited forever) and as INVOICE (per-hour per-rule load bal…
readability: sentence too long to follow	(1) selector key/value that no pod label matches (typo, underscore-vs-dash, case) — the truth-set lawfully equals nobody; (2) ever…
readability: sentence too long to follow	some clients must CHOOSE their citizen, not accept the lottery: clusterIP: None makes DNS answer with the pod IPs themselves, so d…
readability: sentence too long to follow	CoreDNS — because it IS the directory, reached via the kube-dns ClusterIP, so its absence renders every lookup a SERVFAIL at once …
readability: sentence too long to follow	it buys the endpoints controller TIME to strike the name (EndpointSlice rewrite → kube-proxy DNAT table updates propagate) BEFORE …
readability: opener is too dense to start from	9 sentences, 35 words each
readability: jargon in the opener with no gloss	KNOWLEDGE
readability: sentence too long to follow	Second THE SECRET AS A PROMISE IN THREE WRAPPERS: base64 (an envelope, never a lock), RBAC (the actual lock: who may READ this row…
readability: sentence too long to follow	CONFIGMAP: named, namespaced ledger rows of configuration — scalars (LOG_LEVEL=info), whole files (nginx.conf), injected as env va…
readability: sentence too long to follow	WHY-ONE, CONFIG AS GOVERNANCE: the moment configuration leaves the compose-style .env folklore and enters ledger rows, it acquires…
readability: sentence too long to follow	Version knowledge like code: kubectl create configmap app-config --from-file=nginx.conf (files as ROWS), envFrom for the flat scal…
readability: sentence too long to follow	Price the rotation velocities: env-injected config travels on cohort restart (roll to apply); mounted files travel pod-lifetime wi…
readability: sentence too long to follow	In the lab, exec into a pod (kubectl exec … -- ls /etc/config) and read the mounted generation line; then kubectl edit the ConfigM…
readability: sentence too long to follow	ONE, ENV INJECTION AT BIRTH: envFrom and valueFrom are resolved by the kubelet AT CONTAINER CREATION — baked into the atom the way…
readability: sentence too long to follow	But the application had read /run/secrets/tls.crt ONCE, at boot, into a TLS listener struct; nothing watched the file (no SIGHUP h…
readability: sentence too long to follow	env is INHERITED (every child process), DUMPED (crash reporters, ps e, /proc/environ), and BAKED AT BIRTH (rotation requires a ful…
readability: sentence too long to follow	missing: (1) the application never re-read the file (boot-baked TLS listener; no fsnotify, no SIGHUP) — CONSUMPTION absent; (2) no…
readability: sentence too long to follow	database → PVC with RWO (exclusivity priced: one writer’s memory, dynamic provisioning); build cache → emptyDir with sizeLimit (re…
readability: sentence too long to follow	it turns configuration drift into a TYPE ERROR: mutating a stabilized generation is rejected at the API, so a wrong value can hope…
readability: sentence too long to follow	base64 = the envelope for BINARY IN YAML (prices out encoding corruption, no thief at all — it is NOT a lock); RBAC = the verb-wal…
readability: sentence too long to follow	mounted volumes update via a SYMLINK SWAP: the kubelet re-points the ..data directory atomically so readers see old-then-new, neve…
readability: sentence too long to follow	quorum soil needs ONE writer’s memory: two atoms attached to one disk is split-brain with shared bytes (the distributed-systems le…
readability: opener is too dense to start from	7 sentences, 37 words each
readability: jargon in the opener with no gloss	CHAIR
readability: sentence too long to follow	First REQUESTS AS BUDGETS, NEVER GUESSES: the scheduler reads requests (cpu/mem) against each chair’s Allocatable (capacity minus …
readability: sentence too long to follow	Every atom owns a CHAIR RECEIPT written in two currencies: requests (what it RESERVES: the scheduler’s unit of account — a pod ask…
readability: sentence too long to follow	WHY-ONE, EFFICIENCY AS SUBTRACTION: a fleet is a bin-packing puzzle where every chair’s Allocatable is spent either on reservation…
readability: sentence too long to follow	Mint QoS classes on purpose: Guaranteed for the quorum and the desk (request == limit), Burstable for honest workers, BestEffort E…
readability: sentence too long to follow	ONE, THE EXAMINER’S LOOP: kube-scheduler watches for pods with no nodeName, runs its two passes, and writes a BINDING (a register …
readability: the second sentence repeats the first	RECEIPT TWO, the host: a nightly batch job, freshly admitted that week || RECEIPT THREE, the equation nobody wrote: the batch hog’s oom_score sh
readability: sentence too long to follow	RECEIPT THREE, the equation nobody wrote: the batch hog’s oom_score should have screamed (BestEffort: +1000) — and it did — but th…
readability: sentence too long to follow	(1) buy the license: add a toleration for dedicated=db so the two taxed chairs admit the pod (only if it belongs to that pool); (2…
readability: sentence too long to follow	all three atoms are corpses in one zone-file: the NAME (lesson four) instantly keeps its promise to ZERO keepers — DNS resolves, t…
readability: sentence too long to follow	BestEffort first (free riders: no arithmetic filed, no invoice to appeal with), then Burstable (partial fare: some arithmetic, som…
readability: sentence too long to follow	requests are a double-sided ledger: overpriced, they mint WASTE (chairs reserved and idle: the 20%-utilization fleet whose invoice…
readability: sentence too long to follow	no — soft magnets ADVISE, arithmetic DECIDES: preferred terms only nudge the score ranking among chairs that already passed the fi…
readability: sentence too long to follow	a tax went live WITHOUT its class of licensed payers: the GPU chairs sat in the register as fully empty, fully paid-for, and legal…
readability: sentence too long to follow	the kubelet acts FIRST and LAWFULLY: it watches its own pressure marks, evicts in QoS order (BestEffort → Burstable → Guaranteed l…
readability: opener is too dense to start from	10 sentences, 31 words each
readability: jargon in the opener with no gloss	DIFFERENT
readability: the second sentence repeats the first	Fourth RESTARTPOLICY AS THE ATOM’S WILL: Always (the default: die and || Fifth PDB AND HPA AS LAWS AROUND THE ATOM: PodDisruptionBudget (minAva
readability: sentence too long to follow	First READINESS AS THE TRUTH-SET GATEKEEPER: “may I join the endpoints?” — the question that writes or strikes you from lesson fou…
readability: sentence too long to follow	A NO kills the atom inside its pod (kubelet restarts the container in place — the pod object survives, exactly the paradox lesson …
readability: sentence too long to follow	WHY-ONE, MEMBERSHIP IS REVERSIBLE, DEATH IS NOT: a dependency blip (database wandering for 90 seconds) is a TEMPORARY loss of the …
readability: sentence too long to follow	Design /readyz to know the world, /livez to know NOTHING: readiness checks pools, migrations, downstreams (the whole dependency tr…
readability: sentence too long to follow	Price probe verbs for the atom that hosts them: HTTP + an ultra-cheap handler (no templating, no logging waterfalls); TCP for conn…
readability: sentence too long to follow	Wire HPA into the grammar with cooldown etiquette: minReplicas ≥ PDB’s law (the autoscaler may not shrink you past your own statut…
readability: the second sentence repeats the first	TWO, THE ENDPOINTS BUREAUCRACY: readiness flips are written to the pod || THREE, THE BACKOFF BANK: every liveness-triggered restart is recorded 
readability: sentence too long to follow	ONE, THE KUBELET AS THE EXAMINER: probes run ON THE CHAIR (not the control plane — health is local arithmetic, per-node, free of n…
readability: sentence too long to follow	The receipts: kubectl get pods showed EVERY ledger-api atom with RESTARTS:+1 at the same minute (a synchronized execution, which f…
readability: sentence too long to follow	Final lesson: the whole estate ARMORED — RBAC as passport grammar (who may hold which verbs), NetworkPolicy as the perimeter insid…
readability: sentence too long to follow	readiness asks “may you SERVE right now?” — and may touch MEMBERSHIP ONLY (endpoints truth-set rewritten, atom alive and waiting);…
readability: sentence too long to follow	the atom dies within seconds of every birth (a missing config, a crashed migration — its EXPRESS condition), restartPolicy: Always…
readability: sentence too long to follow	the law is working: PDB governs ONLY the voluntary path (drains, API-driven deletes, rolling upgrades) and this eviction would dro…
readability: sentence too long to follow	membership is reversible and death is not: a dependency blip may lawfully cost the atom its place in the truth-set (struck, breath…
readability: sentence too long to follow	startupProbe { httpGet: /livez, failureThreshold: 30, periodSeconds: 10 } — five protected minutes where BOTH siblings are legally…
readability: sentence too long to follow	desired = ceil(8 × 140/70) = ceil(16) = 16 (capped by maxReplicas; the formula is the whole grammar: current multiplied by metric-…
readability: sentence too long to follow	liveness wired to the WORLD (/health-deep touching the db pool) so a neighbor’s hiccup filed synchronized death verdicts across th…
readability: opener is too dense to start from	7 sentences, 43 words each
readability: jargon in the opener with no gloss	WALL
readability: sentence too long to follow	First RBAC AS PASSPORT GRAMMAR: Roles bind verbs to namespaces (get/list/watch pods in ledger-prod — a visa), ClusterRoles to the …
readability: the second sentence repeats the first	WALL ONE, PASSPORTS: RBAC is verb grammar bound to territory — a Role || WALL TWO, THE PERIMETER INSIDE: NetworkPolicy is lesson four’s ethic w
readability: sentence too long to follow	WALL ONE, PASSPORTS: RBAC is verb grammar bound to territory — a Role lists apiGroups/resources/verbs inside ONE namespace (get, l…
readability: sentence too long to follow	WHY-ONE, VERBS ARE ECONOMY: every permission granted is an annuity of risk — the debug file’s CI token could read every secret in …
readability: sentence too long to follow	Recite jobs, never moods: one ServiceAccount per workload (never default), Roles bound to the verbs the job recites (get/list/watc…
readability: sentence too long to follow	Reset reachability to zero per namespace: apply default-deny NetworkPolicy (ingress AND egress), then open visas with owners (web …
readability: sentence too long to follow	Staff the admission court per district: Pod Security Standards labels on namespaces (prod: restricted enforced + audit; staging: b…
readability: sentence too long to follow	Rehearse the paper recovery quarterly: etcd snapshot (encrypted, off-chair) + the printed runbook (no dashboard, no cluster-DNS) r…
readability: sentence too long to follow	Close the loop with names on the wall: a quarterly access review exports every RoleBinding (kubectl get rolebindings,clusterrolebi…
readability: sentence too long to follow	One last time in the lab: describe the deployment and read every law this hub legislated in one ledger — replicas with budgets, pr…
readability: sentence too long to follow	ONE, THE API GATE: every kubectl verb (and every controller’s verb — the loops of lesson two carry papers too) passes the API serv…
readability: the second sentence repeats the first	The receipts, in the wall’s own language: kubectl auth can-i get secre || kubectl auth can-i get secrets --as=… —n payments — yes.
readability: sentence too long to follow	The finding’s shape was worse than its moment: the token belonged to the ci-builder ServiceAccount — and ci-builder, minted three …
readability: the second sentence repeats the first	রসিদগুলো, প্রাচীরের নিজস্ব-ভাষায়: kubectl auth can-i get secrets --as || kubectl auth can-i get secrets --as=… -n payments — হ্যাঁ।
readability: sentence too long to follow	kubectl auth can-i --list --as=system:serviceaccount:<ns>:<sa> (the wall read as the bearer experiences it — audit verbs from insi…
readability: sentence too long to follow	DNS: every atom’s first outbound call is a lookup (cluster DNS in kube-system over UDP/53) and default-deny egress silenced the di…
readability: sentence too long to follow	the restore drill’s EVIDENCE: quarterly, timed, from printed runbooks (no dashboard, no cluster DNS — the control plane is the pat…
readability: sentence too long to follow	at the border the sin costs ONE REJECTED MANIFEST (a form to amend, zero facts created, the register never learns the shape of the…
readability: sentence too long to follow	“the wall here is decoration: every subject under this binding holds the estate’s whole envelope drawer, auditable as confession-c…
readability: sentence too long to follow	every service NAME in the estate is a lookup before it is a connection (lesson four: consumers dial a promise, never a census), an…
readability: sentence too long to follow	a backup is arithmetic about STORAGE (rows exist somewhere, cadenced, encrypted — an assertion that can be true while useless), an…
