# python: 94 readability findings — fix in src/content/_specs/python.mjs, then
#   node tools/reauthor.mjs python && GATE_DETAIL=6 bash tools/audit/run.sh python
# hub-level notes first, then one line per lesson finding.
readability: opener is too dense to start from	8 sentences, 16 words each
readability: jargon in the opener with no gloss	ITSELF
readability: the second sentence repeats the first	Evidence hunt in sticker language: the default list was born ONCE when || The fix is the industry idiom: def add(item, bag=None): bag = [] if ba
readability: opener is too dense to start from	8 sentences, 19 words each
readability: jargon in the opener with no gloss	DOES
readability: sentence too long to follow	Turn the sticker model into professional reflexes: the full mutability taxonomy (which types dare change in place), is vs == used …
readability: one word carries the whole paragraph	“items” x6 :: লক্ষণ: পরিষ্কার-লুপ পেরিয়েও আপনার শর্তে ব্যর্থ কিছু উপাদান টিকে থাকে। for x in items: if bad(x): items.remove
readability: jargon in the opener with no gloss	SAME
readability: metaphor where the mechanism belongs	rent, mill :: mill doctrine: comprehensions and join price one pass; accumulation priced by rent, never by construction
readability: sentence too long to follow	The commotion priced the wrong suspect (the window doctrine accused of losing a tenant) until testimony spoke: the loop fed i as s…
readability: sentence too long to follow	Test data priced silent (200 lines, instant); production priced the bankruptcy: 40 seconds, then 90 as rows grew — the growth doct…
readability: sentence too long to follow	Priced: the += walk breaks the corridor doctrine 200,000 times — str is frozen mail; every paste murders the corridor and re-mints…
readability: opener is too dense to start from	10 sentences, 17 words each
readability: jargon in the opener with no gloss	ANY
readability: the second sentence repeats the first	CASE ONE — the salary that lost its own vault: an HR bench keyed recor || The panic hypothesis priced folklore first ("the vault ate records") u
readability: sentence too long to follow	CASE ONE — the salary that lost its own vault: an HR bench keyed records by the Employee citizen itself (vault = {employee: payrol…
readability: one word carries the whole paragraph	“employee” x5 :: প্রথম মামলা — যে বেতন তার নিজের ভল্টই হারিয়ে ফেলল: একটি HR-বেঞ্চ রেকর্ড চাবি করেছিল Employee-নাগরিক দিয়েই (v
readability: sentence too long to follow	The folklore repair priced worse (wrap the walk in try/except and keep editing — exception as parade marshal), until the view doct…
readability: one word carries the whole paragraph	“cache” x6 :: দ্বিতীয় মামলা — নিজেকে সম্পাদনা করা শোভাযাত্রা: একটি ক্যাশ-পরিচ্ছন্নকারী হাঁটছিল for slug, stamp in cache.ite
readability: the second sentence repeats the first	REPAIR ONE, the corridor coat: vault[("north", "ridge")] = "camp-9" — || REPAIR TWO, the name doctrine: vault["north/ridge"] = "camp-9" — price
readability: the second sentence repeats the first	REPAIR ONE, photograph-then-demolish (snapshot doctrine): for slug, st || REPAIR TWO, rebuild whole (rebuild doctrine): cache = {k: v for k, v i
readability: sentence too long to follow	Testimony priced: RuntimeError: dictionary changed size during iteration — the view doctrine violated live: items() is a LIVE wind…
readability: one word carries the whole paragraph	“tally” x5 :: Tally event counts from log lines ("ip:9.9.9.1 op:read", "ip:9.9.9.2 op:write", ...). Price the three candidat
readability: opener is too dense to start from	4 sentences, 42 words each
readability: jargon in the opener with no gloss	SAME
readability: sentence too long to follow	THE DEF DOCTRINE: def runs like any statement — it mints a citizen (first-class doctrine: functions pass as cargo, sit in vaults, …
readability: the second sentence repeats the first	Calling is three labors priced in order: BINDING (each argument presse || Around these labors sit the foundry's two engines: DEFAULTS (expressio
readability: sentence too long to follow	Calling is three labors priced in order: BINDING (each argument pressed onto a parameter seat by assignment — object-reference doc…
readability: one word carries the whole paragraph	“ledger” x5 :: প্রথম দুর্নীতিকারী, ভুতুড়ে ডিফল্ট: def register(item, ledger=[]) সুবিধায় মূল্যভুক্ত — খাতা def-এর নিচে একবার
readability: the second sentence repeats the first	FIRST, the frame desk: every call mints a fresh local namespace (the d || SECOND, the cell boxes: when an inner function names an enclosing loca
readability: sentence too long to follow	FIRST, the frame desk: every call mints a fresh local namespace (the desk doctrine: locals live on a stack, priced created-and-raz…
readability: the second sentence repeats the first	Priced by the reference doctrine: desk = [1, 2, 3] — the append priced || The x = [9] priced LOCAL: rebinding mints a new sticker on x's seat po
readability: the second sentence repeats the first	REPAIR ONE, the passport: global count inside bump() — lawful, and pri || REPAIR TWO, the cargo walk — no global at all: def bump(count): return
readability: sentence too long to follow	Priced: UnboundLocalError at print(count) — BEFORE any call, the compiler walks the body, spots count += 1 (an assignment), and ma…
readability: one word carries the whole paragraph	“count” x7 :: মূল্যভুক্ত: print(count)-এ UnboundLocalError — কোনো কলের আগেই কম্পাইলার বডি পেরিয়ে count += 1 দেখে (একটি অ্যা
readability: the second sentence repeats the first	Priced constructions: A) default-seizure — [lambda x, n=n: n + x for n || B) factory-seizure — def make_adder(n): return lambda x: n + x, then [
readability: sentence too long to follow	B) factory-seizure — def make_adder(n): return lambda x: n + x, then [make_adder(n) for n in range(3)]: the frame-capture doctrine…
readability: the second sentence repeats the first	The passport doctrine priced by @wraps(f): __name__, __doc__ and __dic || __wrapped__ priced as the debugger's ladder: the unwrap walk (inspect.
readability: sentence too long to follow	The passport doctrine priced by @wraps(f): __name__, __doc__ and __dict__ copied from the bare citizen — help(f) printing "wrapped…
readability: opener is too dense to start from	8 sentences, 22 words each
readability: jargon in the opener with no gloss	SHARED
readability: sentence too long to follow	__init__ as the birth clerk (initializing desk drawers, never minting the desk itself), __repr__ as the honest nameplate ("for the…
readability: one word carries the whole paragraph	“total” x5 :: প্রথম দুর্নীতিকারী, গণক-ছিনতাইকারী: একটি রেজিস্ট্রি-ক্লাস নোটিস-বোর্ডে total = 0 দিয়ে নাগরিক গোনে, আর __init_
readability: the second sentence repeats the first	SECOND, the binding glue: functions on a class price as DESCRIPTORS — || THIRD, the C3 arithmetic: multiple ancestry prices a linearization whe
readability: sentence too long to follow	FIRST, the attribute walk: obj.x prices an ordered search — the desk's __dict__ drawers, then the mold's board, then each ancestor…
readability: the second sentence repeats the first	CASE ONE — the registry that never grew: an audit desk priced Registry || The desk doctrine testified in minutes: print(Registry.__dict__["total
readability: one word carries the whole paragraph	“total” x5 :: প্রথম মামলা — যে রেজিস্ট্রি কখনোই বাড়ত না: একটি অডিট-ডেস্ক পঞ্চাশ নাগরিক অনবোর্ডিংয়ের পর Registry.total-এর ম
readability: sentence too long to follow	Repair priced the clerk: @dataclass(frozen=True) — one line minting __init__, __repr__, __eq__ AND the frozen hash over the same m…
readability: one word carries the whole paragraph	“ledger” x5 :: class Ledger: count = 0; def __init__(self): Ledger.count += 1. Two births priced (Ledger(), Ledger()), then a
readability: one word carries the whole paragraph	“ledger” x5 :: class Ledger: count = 0; def __init__(self): Ledger.count += 1। দুটি জন্ম মূল্যভুক্ত (Ledger(), Ledger()), তার
readability: one word carries the whole paragraph	“board” x6 :: Priced: Ledger.count = 2 — the seal doctrine priced lawfully (births writing THROUGH the mold: the board reads
readability: the second sentence repeats the first	(3) INSTANCE METHOD writing THROUGH the mold: self carries the desk, t || The smell priced: a staticmethod whose body keeps gluing state to glob
readability: the second sentence repeats the first	Priced sketch: @dataclass class Order: items: list — def subtotal(self || The ladder priced failing three ways: ONE, the has-a lie — an Order is
readability: sentence too long to follow	Priced sketch: @dataclass class Order: items: list — def subtotal(self): return sum(i.price for i in self.items) / class Discount:…
readability: one word carries the whole paragraph	“order” x6 :: খসড়া মূল্যভুক্ত: @dataclass class Order: items: list — def subtotal(self): return sum(i.price for i in self.i
readability: sentence too long to follow	খসড়া মূল্যভুক্ত: @dataclass class Order: items: list — def subtotal(self): return sum(i.price for i in self.items) / class Discou…
readability: opener is too dense to start from	7 sentences, 27 words each
readability: jargon in the opener with no gloss	SEALED
readability: sentence too long to follow	THE YIELD SEAL: yield freezes the desk mid-sentence — frame, locals, line number all sealed (the freeze doctrine: the desk is a ci…
readability: the second sentence repeats the first	Calling a generator function does not run it (the mint doctrine: def r || Each next() prices one labor: resume the desk, run to the next yield, 
readability: sentence too long to follow	From these three seals the empire's arithmetic follows: pipelines priced as straws (one pebble in every sieve), mega-streams price…
readability: sentence too long to follow	FIRST, the sealed frame: a generator object is literally a frame wrapped as a citizen (gi_frame holding locals and the instruction…
readability: one word carries the whole paragraph	“report” x7 :: প্রথম মামলা — যে রিপোর্ট অর্ধেক উধাও: একটি অডিট-পাইপলাইন মূল্য দিল errors = parse(read_lines(path)), report_a(
readability: the second sentence repeats the first	CASE TWO — the census of three shillings: a treasury grouped coin rows || The twin doctrine read the ledger: groupby sieves a PEEPHOLE, not a ce
readability: one word carries the whole paragraph	“groupby” x5 :: দ্বিতীয় মামলা — তিন শিলিংয়ের জনশুমারি: কোষাগার মুদ্রা-সারি গোষ্ঠীবদ্ধ করল by_sku = groupby(rows, key=coin_of
readability: one word carries the whole paragraph	“priced” x8 :: The garden priced laziness; the court prices FAILURE as law. Next hall: exceptions as citizens with lineage (t
readability: the second sentence repeats the first	REPAIR ONE (small cargo): materialize once — scores = list(read_scores || REPAIR TWO (rivers): re-mint per mouth — best = max(read_scores()); cl
readability: sentence too long to follow	REPAIR TWO (rivers): re-mint per mouth — best = max(read_scores()); claim = [s for s in read_scores() if s > 50] (the spring doctr…
readability: sentence too long to follow	FIRST knock MUST be next(g) or g.send(None) — the priming doctrine: the desk sleeps at its very first yield (a bare yield, unprice…
readability: opener is too dense to start from	5 sentences, 45 words each
readability: jargon in the opener with no gloss	LINEAGE
readability: the second sentence repeats the first	THE VERDICT DOCTRINE: an exception is cargo — a type (the charge), a m || THE TREE DOCTRINE: verdicts arrive by LINEAGE (FileNotFoundError under
readability: sentence too long to follow	THE TREE DOCTRINE: verdicts arrive by LINEAGE (FileNotFoundError under OSError under Exception under BaseException) — catching a p…
readability: sentence too long to follow	The moment a labor fails, the court mints a CITIZEN: a type carrying the charge (FileNotFoundError), a message carrying testimony …
readability: the second sentence repeats the first	FIRST, the unwinding walk: raise prices a Halt at the current line; th || SECOND, the handler search: at each frame the engine prices the HEARIN
readability: sentence too long to follow	FIRST, the unwinding walk: raise prices a Halt at the current line; the engine then walks the call-frames OUTWARD shaving each des…
readability: the second sentence repeats the first	Seat the court in the lab: wrap int("x") in try/except ValueError/else || Re-run with int("5") — now the acquittal walk priced (else labors), th
readability: metaphor where the mechanism belongs	court, verdict :: broom doctrine inverted: the sweep priced overriding the verdict — ruled hazardous by the court itself
readability: the second sentence repeats the first	The race doctrine priced the window: the deploy's atomic swap walked B || Repair priced the EAFP doctrine: try: flags = json.load(open(path)); e
readability: sentence too long to follow	CASE TWO — the config that rotated mid-glance: a deploy-daemon priced config_dir = "/etc/empire"; if os.path.exists(f"{config_dir}…
readability: sentence too long to follow	Import twice, mint once), the search-hall doctrine (PYTHONPATH and sys.path pricing where envoys knock), relative imports priced a…
readability: the second sentence repeats the first	The else door NEVER opens (the acquittal doctrine: else walks only whe || Then "broom" prints ANYWAY (the broom doctrine enumerated: finally wal
readability: sentence too long to follow	Priced: "os" — and "fnf" is priced UNREACHABLE LAW (the tree doctrine with the ordering doctrine: bench seats are walked IN ORDER;…
readability: the second sentence repeats the first	The reporter prices "During handling of the above exception, another e || FROM err — the same new citizen with __cause__ EXPLICITLY sealed (the 
readability: opener is too dense to start from	10 sentences, 22 words each
readability: jargon in the opener with no gloss	LABOR
readability: the second sentence repeats the first	THE CENSUS DOCTRINE: a module is a citizen minted ONCE — import twice, || THE THREE LABORS: import prices find (envoys walking the search halls)
readability: the second sentence repeats the first	FIRST, the pre-registration arithmetic: import empire.ledger prices th || SECOND, the double walk: importing a PACKAGE prices executing its __in
readability: sentence too long to follow	FIRST, the pre-registration arithmetic: import empire.ledger prices the empty citizen's census entry FIRST — sys.modules["empire.l…
readability: one word carries the whole paragraph	“empire” x7 :: তিনটি প্রক্রিয়া আর্কাইভকে সামঞ্জস্যপূর্ণ রাখে। প্রথম, পূর্ব-নিবন্ধন-পাটিগণিত: import empire.ledger আগে খালি ন
readability: the second sentence repeats the first	প্রথম, পূর্ব-নিবন্ধন-পাটিগণিত: import empire.ledger আগে খালি নাগরিকের || দ্বিতীয়, দ্বৈত-পদযাত্রা: কোনো প্যাকেজ ইমপোর্ট করলে গভীরে যাবার আগেই ত
readability: one word carries the whole paragraph	“ledger” x7 :: প্রথম মামলা — যেদিন ইমপোর্ট দ্বিগুণ হয়ে গেল: এক রিফ্যাক্টরের পরে সাম্রাজ্য পার্শ্বপ্রতিক্রিয়া দুইবার মূল্য ধ
readability: one word carries the whole paragraph	“random” x5 :: দ্বিতীয় মামলা — যে মচান স্ট্যান্ডার্ড-লাইব্রেরিকে ছায়া দিল: তাজা চেকআউট মূল্য ধরল ImportError: cannot import
readability: one word carries the whole paragraph	“ledger” x6 :: মূল্যভুক্ত পদযাত্রা: (১) import empire.ledger → জনশুমারি একটি খালি নাগরিক মুদ্রিত করে আর বডি চলার আগেই sys.mod
