# queues: 75 readability findings — fix in src/content/_specs/queues.mjs, then
#   node tools/reauthor.mjs queues && GATE_DETAIL=6 bash tools/audit/run.sh queues
# hub-level notes first, then one line per lesson finding.
readability: opener is too dense to start from	8 sentences, 21 words each
readability: jargon in the opener with no gloss	LONGEST
readability: sentence too long to follow	🫱 Lesson two walks into the bargain shop: bounded queues and the terror they trade away (back-pressure as honesty about capacity)…
readability: opener is too dense to start from	10 sentences, 19 words each
readability: jargon in the opener with no gloss	OLDEST
readability: sentence too long to follow	Trace the flow: every inbound webhook enqueues on an unbounded ArrayList-backed “queue”, the consumer thread walks at 30 mails/sec…
readability: opener is too dense to start from	9 sentences, 35 words each
readability: jargon in the opener with no gloss	LINEAR
readability: sentence too long to follow	In a LINEAR array of K rooms, three residences present themselves, each with a corpse in the basement: (1) FIXED-END residences (e…
readability: one word carries the whole paragraph	“count” x5 :: শুরু করুন সেই সমস্যা থেকে যা রিং প্রকৃতগতভাবে সমাধান করে। কিউ-তে দরকার দুই উত্তপ্ত-স্থান — একটি সদর (যেখানে দী
readability: the same clause pasted twice	“head tail count head tail count” x2 :: শুরু করুন সেই সমস্যা থেকে যা রিং প্রকৃতগতভাবে সমাধান করে। কিউ-তে দরকার দুই উত্তপ্ত-স্থান — একটি সদর (যেখানে দী
readability: sentence too long to follow	THE RING’S OWN CLAIM, stated fairly: (1) WORST-CASE, not amortized — every verb is O(1) with NO hidden carpet (no resize, no compa…
readability: sentence too long to follow	The ring’s internal shortlist: (1) COUNT IS THE TREATY — head/tail alone are provably ambiguous at exactly two states; the count-k…
readability: the second sentence repeats the first	“full” was never checked because the code read `next(tail) == head` in || And the sentinel room that `next(tail)==head` was supposed to rely on 
readability: opener is too dense to start from	16 sentences, 22 words each
readability: jargon in the opener with no gloss	STACK
readability: one phrase repeated instead of explained	“the transfer” x6 :: The most elegant smuggling in the queues course: the stacks course swore its three verbs serve MOST-RECENT-FIR
readability: one phrase repeated instead of explained	“the transfer” x6 :: The chancery works because of one algebraic fact worth stating in full theatrical precision: A STACK REMEMBERS
readability: the same clause pasted twice	“pop push pop push pop push” x2 :: The chancery works because of one algebraic fact worth stating in full theatrical precision: A STACK REMEMBERS
readability: sentence too long to follow	THE THREE PROPERTIES that make the design a law and not a hack: (1) ORDER-EXACTNESS: the transfer preserves precise FIFO order, no…
readability: the second sentence repeats the first	[1] DEPOSIT SEQUENCE: enqueue a, b, c — watch plaques stack in the inb || [2] FIRST SERVICE: press dequeue — watch the outbox discover itself em
readability: sentence too long to follow	The chancery’s internal shortlist: (1) THE ALGEBRA IS THE DESIGN — “reverse twice = forward” is not an optimization, it is the ent…
readability: opener is too dense to start from	17 sentences, 27 words each
readability: jargon in the opener with no gloss	THE
readability: one phrase repeated instead of explained	“the throne” x7 :: Every queue before this chapter swore a single oath \u2014 LONGEST WAITING FIRST \u2014 and the throne chapter
readability: sentence too long to follow	THE THREE THINGS THE CHAPTER FREEZES INTO LAW: (1) CLAIM ENCODING: priority is a score the citizen deposits at admission (integer …
readability: one phrase repeated instead of explained	“the throne” x8 :: The priority throne replaces a single question (who has waited longest?) with a governed one (whose claim is g
readability: sentence too long to follow	THE LAW OF SERVICE DECOMPOSES into three clauses worth memorizing separately because they fail separately: (1) CLAIM LAW \u2014 th…
readability: one phrase repeated instead of explained	“the throne” x7 :: The throne earns its constitution from THREE ARGUMENTS arriving in sequence, and none of them is \u201cbecause
readability: sentence too long to follow	And THAT IS WHY THE TIE-LAW EXISTS SEPARATELY: without FIFO-in-key the palace answers \u201cequal urgency, no further order\u201d …
readability: sentence too long to follow	Step 1 — seat every claimant with an ENCODED claim (integer), an ARRIVAL-BINDING (seq counter, the tie-law’s servant), and a REFUS…
readability: sentence too long to follow	Step 3 — serve: the root IS the answer (greatest claim, tie-broken by earliest seq among the tied); REMOVE by moving the last citi…
readability: sentence too long to follow	Step 5 — the two constitutional hybrids, chosen once per product: LANES (a small array of fifos, one per adjudicated claim-bracket…
readability: sentence too long to follow	Iii) INVASION-EXACTNESS (the stress that finds real bugs): interleave admit/serve at ratios 3:1, 1:1, 1:3 for 10\u2074 ops, assert…
readability: sentence too long to follow	[3] THE SERVICE RITUAL: serve repeatedly \u2014 each time the root lifts out (archive-camera flashes it as \u201cserved\u201d), th…
readability: sentence too long to follow	The throne’s internal shortlist, the heap held at queue-altitude: (1) THE COMPLETE-TREE DISCIPLINE IS THE TRICK — a heap is a comp…
readability: sentence too long to follow	In spring 2019, a national vaccination portal (six regional data-centres, 2.1 million registered citizens) ran its appointment-all…
readability: sentence too long to follow	And only questions about the window\u2019s contents are lawful\u201d becomes a residence: the monotone deque is introduced as the …
readability: opener is too dense to start from	22 sentences, 21 words each
readability: jargon in the opener with no gloss	THE
readability: sentence too long to follow	Maintain the aggregate incrementally (add at back, subtract at front), turning O(w) recomputation-per-step into O(1) per door (the…
readability: one phrase repeated instead of explained	“the observatory” x7 :: The observatory is a queue with a second premise: EVICTION IS A LAW, NOT AN AFTERTHOUGHT. THE WINDOW DEFINES T
readability: one phrase repeated instead of explained	“the observatory” x7 :: The observatory justifies its existence with one proof and three consequences. THE PROOF, THE CANDIDATE-LIFETI
readability: sentence too long to follow	Step 4 — swear the monotone vow precisely: at every back-pop admission, `while (deck.length && deck.at(-1).claim <= arrived.claim)…
readability: sentence too long to follow	[1] THE SUM ENGINE: admit citizens 12, 9, 14, 7 — watch each pour its payload into a brass TOTAL gauge (register rises 12 → 21 → 3…
readability: sentence too long to follow	The observatory’s internal shortlist: (1) THE WINDOW IS A JURISDICTION, NOT A CONTAINER — the lawful questions are about the LATES…
readability: the second sentence repeats the first	At launch scale (n=60 events/minute across the cue) the query cost 5ms || The completion-COUNT metrics landed on the same change (sum engine — t
readability: sentence too long to follow	The dashboard polled the service once per second for the “60-minute rolling completion-max per ladder” — the highest single-player…
readability: sentence too long to follow	THE MESSAGE CONSULATE is where the honest queue’s laws become diplomatic protocol: producers and consumers live in different proce…
readability: sentence too long to follow	An off-by-WINDOW in the law — every aggregate is computed over a window extended one tick past its charter to the left (dead citiz…
readability: opener is too dense to start from	31 sentences, 17 words each
readability: jargon in the opener with no gloss	THE
readability: one phrase repeated instead of explained	“the consulate” x12 :: The consulate’s premise is one sentence that changes every other sentence in the course: THE TWO SIDES OF THE 
readability: sentence too long to follow	The consulate’s internal shortlist: (1) THE TWO-GENERALS’ LEMMA IS THE WALL — duplicity is not a bug to be engineered away, it is …
readability: one phrase repeated instead of explained	“the consumer” x7 :: THE INCIDENT. In November 2017 — Black Friday week — a mid-size payments platform (six services, primary lane 
readability: sentence too long to follow	THE BFS TIDE is where the queues hub pays the debt the graphs hub has been holding since the stacks panorama promised backtracking…
readability: opener is too dense to start from	25 sentences, 18 words each
readability: jargon in the opener with no gloss	PLUS
readability: one phrase repeated instead of explained	“the queue” x7 :: Every queue until now answered questions about WAITING (who is served first, with what claim, under which trea
readability: the second sentence repeats the first	THE SENTENCE: “citizens are served in non-decreasing distance order.” || (2) When the source is served, its neighbours (distance 1) are admitte
readability: sentence too long to follow	(3) Induction step: assume all citizens of distance ≤ L are served before any citizen of distance L+1 is admitted; when the first …
readability: sentence too long to follow	Step 6 — three expedition-proofs: (i) TIDE-EXACTNESS — a grid-maze with two paths of differing length to the same exit: assert ser…
readability: sentence too long to follow	Replay the same territory with the seal delayed until service: watch E get birthed by B, then re-birthed by C, then again by a thi…
readability: sentence too long to follow	The tide’s internal shortlist: (1) THE ARENA IS A HEAD-CURSOR ARRAY, NEVER array.shift() — dequeuing by shift pays O(n) per servic…
readability: the second sentence repeats the first	THE ROOT, ONE WRONG LINE: the distance-map lookup doubled as the visit || In the dense downtown-core of the crash-city (junctions with 5-7 in-ed
readability: sentence too long to follow	THE ROOT, ONE WRONG LINE: the distance-map lookup doubled as the visited-check — `if (!(nb in dist)) { dist[nb] = d+1; queue.push(…
readability: opener is too dense to start from	17 sentences, 20 words each
readability: jargon in the opener with no gloss	SWORES
readability: one phrase repeated instead of explained	“sealed debt” x8 :: The panorama chapter is the hub’s closing ceremony: every queue-residence built across this course, arrayed in
readability: the second sentence repeats the first	THE PRIORITY THRONE (max-heap as consulate-court) law: claims adjudica || THE SLIDING OBSERVATORY (deque as window) law: two clockhands (arrival
readability: sentence too long to follow	The panorama chapter is the hub’s closing ceremony: every queue-residence built across this course, arrayed in one frame, with eac…
readability: the second sentence repeats the first	THE CONSTITUTIONAL SCHEMA, frozen as doctrine: (1) PICK THE ARENA (the || 4) THE SEALED DEBT DICTATES THE HYBRID-OR-FORWARD-POINTER (what you gr
readability: sentence too long to follow	THE CONSTITUTIONAL SCHEMA, frozen as doctrine: (1) PICK THE ARENA (the physical shape: fixed-array-modulo / two-stacks / complete-…
readability: sentence too long to follow	Debt: no growth-amnesty) and then the one-line verdict: “when deadlines are real and arrivals are capped, the ring is the only res…
readability: one phrase repeated instead of explained	“the middle-door” x8 :: Every sealed debt in the queue-city was priced honestly except one, which the array-based arenas could only bo
