# sass: 125 readability findings — fix in src/content/_specs/sass.mjs, then
#   node tools/reauthor.mjs sass && GATE_DETAIL=6 bash tools/audit/run.sh sass
# hub-level notes first, then one line per lesson finding.
readability: opener is too dense to start from	14 sentences, 22 words each
readability: jargon in the opener with no gloss	PROGRAMMING
readability: sentence too long to follow	And why the moment a value needs to know about the dark-mode switch, the viewport or the visitor, Sass is structurally blind and t…
readability: sentence too long to follow	There is no interpreter in the browser, no Sass in the shipped payload, no runtime to profile, which is why the language can be a …
readability: the second sentence repeats the first	SASS একটা প্রোগ্রামিং ভাষা যার নিগম একটা stylesheet পাঠানো: একটা .scss || ইতিহাসের কাজটা ছিল platform ধরার-আগে সময় কেনা, আর সময়রেখাই জীবনী: ২০
readability: sentence too long to follow	Because CSS arrived as a description and the web needed arithmetic: 2006’s real problem was not verbosity but the absence of compu…
readability: sentence too long to follow	Is the exact thing a student of systems should be forced to internalize early, which is why this hub keeps teaching Sass past its …
readability: sentence too long to follow	VERSION AND SYNTAX ARE THE CHAIR’S LEGS: Dart Sass majors move fast enough that the language changelog matters — division with sla…
readability: sentence too long to follow	THE SIX LINES CONTAIN THE MACHINE: evaluation is immediate and textual in both directions — double($gap) is gone forever, replaced…
readability: sentence too long to follow	Which means the learner now carries the wall (build time / browser time) as a native intuition and will recognize it in every futu…
readability: sentence too long to follow	TICKET ONE — “it compiled on my machine.” The phrase has a model-year archive: node-sass bound its binary to Node majors, so a lap…
readability: sentence too long to follow	Bootstrap’s own tree is the industry’s largest living Sass classroom and this hub’s sequel, read backwards: its variables file is …
readability: sentence too long to follow	Run the compiler by hand on any project’s entry file, with --watch on and the terminal beside the editor: save, see the .css and t…
readability: romanised Bengali left in the twin	prototype
readability: sentence too long to follow	Dart Sass ships features, then the JS compilation of it (the sass package) ships them everywhere without a native toolchain, which…
readability: sentence too long to follow	A is the division of labor the internal block printed as a contract: the mill decides what differs by product (frozen palettes, pe…
readability: romanised Bengali left in the twin	compile
readability: sentence too long to follow	A is the tip block’s argument and the works’ whole pedagogy of the mill floor: every wrong-layer ticket in the hub (DevTools on a …
readability: sentence too long to follow	A is the policy in the keyterms’ parenthesis made operational: .scss accepts any CSS as valid Sass, which is the migration path ev…
readability: sentence too long to follow	Watcher invoke, module resolution (@use graph, the order matters and the lesson has a whole hour on it later), evaluation with its…
readability: opener is too dense to start from	4 sentences, 80 words each
readability: jargon in the opener with no gloss	EVERY
readability: sentence too long to follow	A Sass variable is the smallest contract the language knows: a name, a value, and a place — and the place does more work than eith…
readability: the second sentence repeats the first	The scope record is the whole mechanism: at the top of a file a declar || The !default flag bends this only in one direction and for one purpose
readability: sentence too long to follow	The scope record is the whole mechanism: at the top of a file a declaration enters the global environment; inside a rule block or …
readability: sentence too long to follow	the modern replacement for slash division — @use ’sass:math’; math.div($a, $b) — whose existence is a history lesson: slash stayed…
readability: sentence too long to follow	Because unit arithmetic is where the compiler’s kindness becomes your audit problem: Sass will happily multiply by a unit, divide …
readability: sentence too long to follow	LET SCOPES DO THE MODULE’S WORK BEFORE THE MODULE EXISTS: inside any block, a local for its own arithmetic ($local-gap, $count, $i…
readability: sentence too long to follow	MATH IS A NAMESPACE NOW, TREAT IT AS LAW: @use ’sass:math’ and math.div for every division, a rem function written once ($px / $ro…
readability: sentence too long to follow	COLOR IS DATA, MIX IT THROUGH FUNCTIONS, NAME IT ONCE: the palette lives as Sass maps of typed colors, every derived value (the ho…
readability: the second sentence repeats the first	READ THE ERRORS AS THE LANGUAGE’S GRAMMAR TAUGHT: line three is the fa || Lines five and six are the copy clause made visible: two rebinding exp
readability: sentence too long to follow	READ THE ERRORS AS THE LANGUAGE’S GRAMMAR TAUGHT: line three is the famous one — the loop body is a child environment, so the assi…
readability: sentence too long to follow	The pattern the entire framework world copied: a variables partial of !defaulted declarations is a public API expressed in the lan…
readability: sentence too long to follow	The unit hygiene that survives every migration: a base size named and defaulted, math.div everywhere, a single rem function, helpe…
readability: sentence too long to follow	And the hub’s bridge habit (declare the bag from the maps, ship the names, let the page consent per element) is the treaty between…
readability: the second sentence repeats the first	TICKET TWO — “the loop ran but the total printed zero.” The accumulato || TICKET THREE — “our rem values are off by a factor and nobody knows wh
readability: sentence too long to follow	The partial was @use’d for the first time, and the entry order put the reader above the writer: in the sealed module world, a name…
readability: sentence too long to follow	The unit disasters were real enough to write history twice: the rem-base schisms — teams whose $font-size-root meant sixteen while…
readability: sentence too long to follow	Deprecations as language archaeology, dated for the record: slash division was soft-deprecated in Dart Sass in the early 2020s wit…
readability: sentence too long to follow	When the loop’s total comes back empty, the panicked fix — the flag on every assignment in the file — does not solve the scope pro…
readability: sentence too long to follow	A is the language’s own reasoning in audit dress: read-outside-write-inside is the rule because inner blocks must be composable an…
readability: romanised Bengali left in the twin	theme
readability: sentence too long to follow	Full credit walks all three ledgers with the arithmetic exact: fifteen over sixteen is the shipped ratio and the sentence that nam…
readability: sentence too long to follow	A is the funeral’s eulogy in the keyterms’ own words: the @import model shared one environment per compilation, so the scope chain…
readability: sentence too long to follow	A is the mechanism and the whole lesson of the typed block’s mercy clause: a quoted string is a string at every argument position,…
readability: the second sentence repeats the first	A আসল-যন্ত্র আর typed-ব্লকের দয়া-অংশের পুরো পাঠ: function argument-এর || নম্বরে B পায় mechanism নামানোর জন্য (declaration-এ interpolate type ম
readability: sentence too long to follow	A is ticket three’s arithmetic and the bridge’s design in one option: the sixteen was the organization’s answer to a question the …
readability: sentence too long to follow	The app’s theme partial reads, in order: @import ’../vendor/boiler/variables’; $font-stack: ’Serif’; $primary: #c00 !default; .bra…
readability: sentence too long to follow	The vendor’s line answers first and owns the name because the app’s flag yields, the page’s opposite result is charged to the envi…
readability: opener is too dense to start from	11 sentences, 25 words each
readability: jargon in the opener with no gloss	EVERY
readability: sentence too long to follow	The trade has three prices and the works teach all three by number: specificity climbs one class per level, so the deep block wins…
readability: sentence too long to follow	That is all nesting is, and the sentence explains every surprise in this lesson before it happens: why a nested rule under a comma…
readability: sentence too long to follow	ছয় লাইন ছয় পেস্ট হিসেবে পড়ো: লাইন দুই default descendant, & অদৃশ্যভাবেই আছে; লাইন তিনের &.dark সে-জোড়া যা state class-কে এক না…
readability: sentence too long to follow	TICKET ONE — “the override stopped working after we nested.” A team wrapped a flat stylesheet in a component block without touchin…
readability: sentence too long to follow	Nesting components inside page regions so the layout reads like the HTML — .page { .header { .nav { .item {...} } } } — is the one…
readability: sentence too long to follow	The ampersand is the cursor into the parent’s text, and its absence or position is the only syntax difference between these two ru…
readability: sentence too long to follow	And the exercise is planted on purpose right after a prose section about generators so the eye cannot claim surprise: six rules, n…
readability: one word carries the whole paragraph	“panel” x6 :: প্রথম selector ছাপে .panel .bar — default পেস্ট, & অদৃশ্যেই। দ্বিতীয়টা পাঠের ফাঁদ ইচ্ছা-করে-বসানো: .panel &-এ
readability: sentence too long to follow	A block nested a hundred deep is grammatical and the works insist candidates say so plainly, because the sentence “the language al…
readability: sentence too long to follow	The count of printed rules, which a generator with two & per line inside a five-term parent list turns into a multiplication nobod…
readability: opener is too dense to start from	4 sentences, 65 words each
readability: the second sentence repeats the first	A mixin is the honest half: @mixin names a block of declarations, @inc || Extend is the clever half and the one with a global hand: @extend .x (
readability: sentence too long to follow	A mixin is the honest half: @mixin names a block of declarations, @include copies it at the call site, arguments arrive with defau…
readability: one word carries the whole paragraph	“extend” x9 :: দুই Sass feature এক বাক্যের উত্তর — “এটা আবার লেখো, বদলসহ” — আর কোনটা বেশি চতুর সেই দশকের ঝগড়া এখানে মেপে দেও
readability: sentence too long to follow	Copy is humble semantics: @mixin truncate($width: 100%) { max-width: $width; overflow: hidden; text-overflow: ellipsis; } followed…
readability: the second sentence repeats the first	নকলের বিনয় semantics: @mixin truncate($width: 100%) { max-width: $wid || সম্পাদনার অহংকার-semantics: @extend %truncate যে-কোনো জায়গা থেকে লিখল
readability: sentence too long to follow	Give the mixin @content: wrap the include block in a media query inside the mixin, then place a stray rule inside @include card-ba…
readability: sentence too long to follow	And the padding ticket closed by replacing the live-class target with the placeholder %chip, the single change that makes @extend …
readability: sentence too long to follow	SHARING IS PRICED — the mill’s fifth room turns the copy operation inward: @function returns a value instead of printing a block, …
readability: the second sentence repeats the first	Because extend rewrites every rule that mentions its target, safety is || The clause that carries full credit pairs the two facts — nothing prin
readability: sentence too long to follow	Because extend rewrites every rule that mentions its target, safety is a function of how many rules can possibly mention it: a sil…
readability: one word carries the whole paragraph	“extend” x5 :: কারণ extend target-যাওয়া প্রতি rule পুনর্লিখন করে, নিরাপত্তা নির্ভর করে কয়টা rule target উল্লেখ করতে পারে তা
readability: sentence too long to follow	Sass validates the mixin’s parameters at the call and stays mute about the caller’s block: a block passed to a @content-less mixin…
readability: sentence too long to follow	The graded form names the criterion (knobs force copy, stasis allows merge) and can, for full marks, cite the file-size receipt: t…
readability: sentence too long to follow	The contract line each file carries is the graded innovation: a comment adjacent to every @include and @extend stating the mechani…
readability: opener is too dense to start from	5 sentences, 49 words each
readability: jargon in the opener with no gloss	THE
readability: sentence too long to follow	Sass keeps two completely different reuse machines apart by position: @function computes and returns a value, usable anywhere an e…
readability: the second sentence repeats the first	A function is called inside a value — color: tint($brand, 20%) — and m || A mixin is called where declarations are legal — @include card-base(2r
readability: sentence too long to follow	A function is called inside a value — color: tint($brand, 20%) — and must hand a single value back through @return; it cannot prin…
readability: sentence too long to follow	Because a design system is arithmetic wearing clothes: the tint ladder, the spacing scale, the type ramp and the breakpoint stairc…
readability: the second sentence repeats the first	THE LAB FILE IS THREE PROGRAMS SHARING ONE RECEIPT: the function path || Read the evaluation order once and the language stops surprising: func
readability: sentence too long to follow	THE LAB FILE IS THREE PROGRAMS SHARING ONE RECEIPT: the function path shows the worth evaporating — margin: spacer(4) becomes marg…
readability: the second sentence repeats the first	ল্যাব ফাইল তিন প্রোগ্রাম এক রিসিট ভাগ করে: function পথে দাম বাষ্পায়ন || evaluation ক্রম একবার পড়লে ভাষা আর চমকে দেয় না: function call-site-এ
readability: sentence too long to follow	One computation habit with an owner: the @function owns every worth in the system — tints, spacers, widths — each carrying its inp…
readability: the second sentence repeats the first	TICKET ONE — “my function prints nothing.” A developer wrote @function || TICKET TWO — “the grid lost its last column.” The loop read @for $i fr
readability: sentence too long to follow	TICKET ONE — “my function prints nothing.” A developer wrote @function badge($c) { color: $c; } and called it with @include badge(…
readability: sentence too long to follow	Design-token pipelines are functions all the way down: Style Dictionary and its cousins read token JSON, compute scales with the s…
readability: sentence too long to follow	The position test from the lesson’s first block decides it before any taste enters: border-color’s right-hand side, box-shadow’s c…
readability: sentence too long to follow	The walk binds in insertion order and destructures key-first: first run $name is brand with $hex navy, second run $name is faint w…
readability: sentence too long to follow	The worth evaporates on every line: gap(2) is 1rem so .row carries margin: 1rem with no memory of gap, gap(1) is 0.5rem and gap(2)…
readability: sentence too long to follow	The mechanism is evaluation order, not permission: a call inside a value must resolve to a value at that spot, long before the com…
readability: romanised Bengali left in the twin	review
readability: sentence too long to follow	The works grade this on the three machines named separately and correctly: the function must take the step index and return index …
readability: opener is too dense to start from	5 sentences, 40 words each
readability: jargon in the opener with no gloss	THE
readability: sentence too long to follow	@forward is the librarian’s verb: a library’s index file writes @forward “tokens” and @forward “buttons” so consumers can @use the…
readability: one word carries the whole paragraph	“tokens” x8 :: namespace-ই ঠিকানা: @use “tokens” _tokens.scss-কে ঠিক একবার load করে তার public সদস্য tokens নামের নিচে বাঁধে,
readability: the second sentence repeats the first	TICKET THREE — “my theme override stopped working.” A team that config || The fix was the addressed override — @use “theme” with ($brand: gold).
readability: sentence too long to follow	Built-ins arrived namespaced to teach by example: sass:math, sass:string, sass:list and sass:map cannot be reached without their a…
readability: sentence too long to follow	@use “tokens” as * on the theory of “skip the typing” does not simplify the module — it pours every public member back into the lo…
readability: romanised Bengali left in the twin	load
readability: sentence too long to follow	The works grade this on addressability made mechanical: the @use line must name the module and its namespace explicitly — @use “th…
readability: opener is too dense to start from	11 sentences, 22 words each
readability: jargon in the opener with no gloss	THE
readability: sentence too long to follow	Literals with colons and commas, map.get for the addressed read, map.has-key for the guarded question, map.merge for the additive …
readability: the second sentence repeats the first	map কারখানার স্মৃতি: $theme-colors: (brand: navy, faint: gray) এক লাইন || পড়া ঠিকানা-ওয়ালা আর সম্পূর্ণ: map.get($theme-colors, brand) navy ফের
readability: romanised Bengali left in the twin	rule
readability: sentence too long to follow	THE LAB FILE IS A WAREHOUSE WITH ITS LEDGER OPEN: the shelf holds three intentions after the merge — navy and gray undisturbed, go…
readability: the second sentence repeats the first	TICKET ONE — “the button went transparent.” A themer renamed gold to b || TICKET TWO — “the theme lost eleven colors.” A brand file reassigned $
readability: sentence too long to follow	TICKET ONE — “the button went transparent.” A themer renamed gold to brand-gold in the map and one component still read map.get($t…
readability: one word carries the whole paragraph	“merge” x5 :: merge পরিবার-স্তর নামল — pad — তাই পুরোনো pad specification নতুন values-মাত্র fragment দিয়ে বদলে গেল: propert
readability: the second sentence repeats the first	The #{} bridge is the only legal crossing from value position to synta || The any-expression answer forgets the bridge entirely; the syntax-obje
readability: sentence too long to follow	The #{} bridge is the only legal crossing from value position to syntax position — property names and selectors cannot compute wit…
readability: one word carries the whole paragraph	“merge” x5 :: আকৃতিই মিল: নাম-মান তাকে, default তাকের উপর user তাক merge, ফল থেকে generator-এ output — merge ক্রিয়া map.mer
readability: opener is too dense to start from	4 sentences, 61 words each
readability: jargon in the opener with no gloss	THE
readability: sentence too long to follow	The platform spent a decade absorbing the preprocessor’s menu: custom properties arrived in 2016 and took runtime theming off the …
readability: sentence too long to follow	THE ABSORPTION HAS DATES: custom properties (--brand: navy) shipped in 2016 and took everything Sass variables could never do — ru…
readability: sentence too long to follow	গিলানোর তারিখ আছে: custom property (--brand: navy) ২০১৬-এ এসে Sass variable-এর কখনো-না-পারা সব নিয়েছে — runtime বদলানো, element-প…
readability: sentence too long to follow	THE LAB FILE IS A BEFORE-AND-AFTER WITH ITS RECEIPTS ATTACHED: the mill-era card freezes navy into two literals and pays recompile…
readability: metaphor where the mechanism belongs	verdict, mill :: whether the mill earns its room: keep priced, exit ordered, or hybrid bordered — the dated verdict the door de
readability: sentence too long to follow	The nesting block is the proof: .card .title written once, flattened once by Sass in lesson three and once by the browser today, b…
readability: romanised Bengali left in the twin	version
