# searching: 57 readability findings — fix in src/content/_specs/searching.mjs, then
#   node tools/reauthor.mjs searching && GATE_DETAIL=6 bash tools/audit/run.sh searching
# hub-level notes first, then one line per lesson finding.
readability: opener is too dense to start from	10 sentences, 20 words each
readability: jargon in the opener with no gloss	WHICH
readability: the second sentence repeats the first	Answer SMALLER THAN TARGET: seats lo…mid hold values ≤ probe < target, || Answer BIGGER: seats mid…hi are provably ≥ probe > target — re-join at
readability: sentence too long to follow	Every move shrinks the window by at least one seat and never evicts a present target, which yields the two certificates simultaneo…
readability: the same clause pasted twice	“mid mid mid mid mid mid” x3 :: কারণ বাইনারি সার্চ যা-কিছু করে তা রক্ষণাবেক্ষণ, আর যা-কিছু দাবি করে তা-ই রক্ষিত বিষয় থেকে ফলপ্রাপ্ত। বিধান লি
readability: sentence too long to follow	Now run the boundary scene for x = 30 and watch a subtler machine: the window is half-open [0, 16); probing 8 (35 ≥ 30) makes mid …
readability: sentence too long to follow	First the overflow scar: mid = (lo + hi) / 2 sums two valid indices and overflows in languages with bounded ints (Java 1.5 shipped…
readability: sentence too long to follow	The next lesson walks the margin of the map: linear’s early exit given dignity (and a sentinel trick that removes one branch per s…
readability: opener is too dense to start from	9 sentences, 22 words each
readability: jargon in the opener with no gloss	BOUND
readability: sentence too long to follow	And a SENTINEL (the target parked at slot n before the walk begins) lets the linear scan delete its “did I run off the end?” branc…
readability: sentence too long to follow	does this seat match?), and branch predictors mispredict the edge test exactly once per full scan — at which point the entire pipe…
readability: opener is too dense to start from	7 sentences, 23 words each
readability: jargon in the opener with no gloss	LAWFULLY
readability: sentence too long to follow	THE ROTATED SCAR: a corridor rotated at one wheel (sorted, then the wall moved mid-way: [4,5,6,7,0,1,2]) breaks the plain halving …
readability: sentence too long to follow	Ranges, insertions, spans, counts, deduplication contracts, every joins-worth audit — all priced from bounds, and bounds are the h…
readability: opener is too dense to start from	11 sentences, 16 words each
readability: jargon in the opener with no gloss	MONOTONE
readability: sentence too long to follow	THE PARAMETRIC-PAGES COMMANDMENT: classic assign-chapters-to-students contiguity problems hold no corridor at all — the corridor I…
readability: sentence too long to follow	THE MONOTONE-CHECK THEOREM: if f(x) is a predicate that is false everywhere below some X and true everywhere at-or-above X, then f…
readability: the second sentence repeats the first	one, the candidate lane never checked whether f(capacity) was monotone || The vein repair, four signed moves: (1) ONE-FLIP asserted with the pri
readability: sentence too long to follow	one, the candidate lane never checked whether f(capacity) was monotone at all — one student batch had a bug where larger capacity …
readability: opener is too dense to start from	6 sentences, 38 words each
readability: jargon in the opener with no gloss	VERTICAL
readability: the second sentence repeats the first	THE SLOPE COMPARISON LAW: f-values do the walking here — compare heigh || THE INTEGER LANE: same doctrine with integer thirds is folklore bait —
readability: sentence too long to follow	THE SLOPE COMPARISON LAW: f-values do the walking here — compare heights at two well-chosen probes and ONE THIRD of the world is e…
readability: sentence too long to follow	THE UNIMODAL VOW: f climbs monotonically up to exactly one summit, then descends monotonically — one monotone flip, no plateaus of…
readability: the second sentence repeats the first	The brutal ledger first: folklore prices summit questions at O(n) — wa || WHY THIRD-PROBES BEAT height-lists: evaluating the whole row never use
readability: sentence too long to follow	The brutal ledger first: folklore prices summit questions at O(n) — walk the row, remember the max — and the atelier rebuts with t…
readability: sentence too long to follow	THE INTEGER INTERIOR: two probes cannot collapse on floats, but on integers hi − lo = 1 gives m1 = m2 = mid — the courtyard scar —…
readability: the second sentence repeats the first	three, the f-call ledger was never counted: each probe RE-MEASURED lat || The atelier repair, four signed moves: (1) integer lane, integer tool 
readability: sentence too long to follow	one, the team searched a STONE lane with a RIVER tool — integer thirds are folklore bait exactly where the lane narrows; the mid-s…
readability: sentence too long to follow	The next mill re-prices an entire subworld the hub skipped: searching INSIDE STRINGS — where folklore walks the haystack with a wi…
readability: opener is too dense to start from	17 sentences, 19 words each
readability: jargon in the opener with no gloss	PRESENCE
readability: the second sentence repeats the first	THE BORDER CONFESSION: every pattern CARRIES its own safety netting — || On a mismatch at text seat i with pattern seat j, do NOT restart: fall
readability: sentence too long to follow	The curved ateliers priced slopes and summits; the mill prices the hub’s busiest corridor terrain — RAW STRINGS, where folklore wa…
readability: opener is too dense to start from	8 sentences, 40 words each
readability: jargon in the opener with no gloss	ELEVATOR
readability: one phrase repeated instead of explained	“the parade” x8 :: The mills priced text and curves on flat terrain; the parade prices the layered lattice — a SORTED LIST that g
readability: the second sentence repeats the first	THE TWO-MOVE PRICE LIST, complete: start at the head’s top floor — whe || THE EXPECTED BILL: at each floor you march ≤ 2 seats in expectation (t
readability: sentence too long to follow	THE TWO-MOVE PRICE LIST, complete: start at the head’s top floor — where skyscrapers number ~log(n) — and search x by marching rig…
readability: one phrase repeated instead of explained	“the parade” x9 :: Trees sign oaths: every birth rebalances; the parade flips coins: every birth re-randomizes locally — and the 
readability: sentence too long to follow	one, the structure was sold for a STATIC world and invoiced to a LIVING one — every vow the tree held (heights, colors, rotations)…
readability: opener is too dense to start from	9 sentences, 26 words each
readability: jargon in the opener with no gloss	RICHER
readability: the second sentence repeats the first	no — the saddleback is simply the corner walk REBORN for arbitrary mon || AND THE TWO-VOW CHAIN priced honestly: when BOTH row and column are so
readability: sentence too long to follow	The parade priced one-dimensional living lanes; the stair walks the other geometry the hub owes — a matrix sorted along ROWS and C…
readability: the second sentence repeats the first	Case GREATER (corner > x): everyone in the last column sits ≥ corner > || Case LESSER (corner < x): everyone in the first row sits ≤ corner < x 
readability: sentence too long to follow	Every single probe destroys exactly one row or one column — the staircase doctrine in arithmetic: at most m + n probes before the …
readability: the second sentence repeats the first	WHY NOT PER-ROW BISECTIONS: m bisections at log n each read ONE vow (t || And the vow-honesty footer: if your courtyard lacks the column vow ent
readability: sentence too long to follow	So westward-extensions of too-small seats and southward-extensions of too-big seats are BOTH dead zones; whatever remains (the sur…
readability: the second sentence repeats the first	one, the scanner never read the COLUMN vow at all — folklore treats th || The stair repair, four signed moves: (1) enter at the top-right corner
readability: sentence too long to follow	one, the scanner never read the COLUMN vow at all — folklore treats the grid as a bag of seats (the seat census doctrine), yet eve…
readability: opener is too dense to start from	8 sentences, 32 words each
readability: jargon in the opener with no gloss	THE
readability: sentence too long to follow	THE SORTED-VOW DIVIDEND: halving — one comparison retires half the corridor, log₂ probes priced against n; below it, the bound ate…
