# tanstack-query: 57 readability findings — fix in src/content/_specs/tanstack-query.mjs, then
#   node tools/reauthor.mjs tanstack-query && GATE_DETAIL=6 bash tools/audit/run.sh tanstack-query
# hub-level notes first, then one line per lesson finding.
readability: opener is too dense to start from	7 sentences, 31 words each
readability: jargon in the opener with no gloss	useEffect
readability: the second sentence repeats the first	THE WAREHOUSE INVERTS THE DUTY: a shelf is DECLARED (give me the goods || MECHANISM ONE, THE LEDGER: the QueryClient’s cache — one map from labe
readability: sentence too long to follow	MECHANISM TWO, THE WAX SEAL (staleTime): fresh goods need no runner — a remount inside the seal serves from stock with zero networ…
readability: sentence too long to follow	FIRST, EMPOWER THE HEAD CLERK: once, at the app root — new QueryClient({ defaultOptions }) wrapped in QueryClientProvider, and fro…
readability: sentence too long to follow	MECHANISM ONE, THE WATCHER REGISTER: useQuery subscribes the desk to the shelf (entity per label in the cache with observers: Set)…
readability: opener is too dense to start from	4 sentences, 53 words each
readability: jargon in the opener with no gloss	THE
readability: the second sentence repeats the first	THE FOUR-VERB MACHINE is the whole lesson: onMutate runs BEFORE the co || THE ONE POLITE SENTENCE every write must say before leaving the counte
readability: sentence too long to follow	THE RETURN COUNTER is the writing door, and its founding insight is that WRITES ARE NOT SHELVES — a mutation is an event fired onc…
readability: sentence too long to follow	LOADING TWO, FIRE WITH THE SLIP: mutate({ mark: ’atlas’, grams: 1200 }) — the slip IS the variables, painted on the dock’s busy la…
readability: sentence too long to follow	MECHANISM ONE, DEDUP-SCOPE FOR WRITES: mutationKey does NOT dedupe (two clerks may file the same slip twice — writes are events) b…
readability: sentence too long to follow	The symptom is comedic in the audit’s cold light: renaming a crate makes the audit office, the reference docs, and the anniversary…
readability: opener is too dense to start from	7 sentences, 32 words each
readability: jargon in the opener with no gloss	FAST
readability: one phrase repeated instead of explained	“the harbor” x6 :: Some counters cannot wait for the courier: the customer is standing RIGHT THERE and the receipt must print bef
readability: sentence too long to follow	THE PROVISIONAL SHAPE: stamp the shelf NOW with the goods the harbor will (almost certainly) certify, let the wall repaint in one …
readability: sentence too long to follow	FIRST, TYPE THE LANTERN: context is your bail-out manifest — { previous?: Parcel[] } for the family shelf (per-label photocopies k…
readability: sentence too long to follow	Which, in the ledger’s reference arithmetic, is indistinguishable from the photocopy (identity reads ===, filters mint new arrays …
readability: opener is too dense to start from	5 sentences, 42 words each
readability: jargon in the opener with no gloss	THE
readability: the second sentence repeats the first	QUERY KEY FACTORIES are the labeling press — one module per shop (parc || HIERARCHICAL LABELS file from most-whole to most-particular: [shop, en
readability: sentence too long to follow	QUERY KEY FACTORIES are the labeling press — one module per shop (parcelsKeys, ledgersKeys, usersKeys) exporting its whole label g…
readability: sentence too long to follow	THE DIALECT WAR the archive prevents is quiet and total: desk A asks [’parcels’], desk B asks [’parcel-list’], desk C asks [’parce…
readability: sentence too long to follow	THIRD, CANON: list() passes its filter through the sorter (keys sorted, undefined pruned) — so two clerks describing the same shel…
readability: the second sentence repeats the first	ENGINE ONE, THE DEEP HASH: every key is serialized to a stable string || ENGINE TWO, THE PREFIX WALK: invalidation/prefetch/cancel accept a lab
readability: sentence too long to follow	ENGINE ONE, THE DEEP HASH: every key is serialized to a stable string form — arrays preserve written order (the hierarchy IS an ar…
readability: sentence too long to follow	Adding a minMass filter, two clerks on two desks typed it into their closures in opposite orders — and the warehouse quietly doubl…
readability: opener is too dense to start from	6 sentences, 44 words each
readability: jargon in the opener with no gloss	SHAPE
readability: the second sentence repeats the first	The old skeleton-storm dies via placeholderData — shelve the PREVIOUS || For feeds there is a conveyor instead: USEINFINITEQUERY — one label, m
readability: sentence too long to follow	THE PAGED FREIGHT is TanStack Query’s bulk grammar: PLAIN PAGINATION stays inside the label archive — the page number is just one …
readability: the second sentence repeats the first	placeholderData is the aisle-bridge: a function from the previous shel || SHAPE TWO, THE CONVEYOR: social feeds and chat do not want shelves of 
readability: sentence too long to follow	SHAPE ONE, THE NUMBERED SHELF: ordinary pagination needs no new verb at all — the page rides INSIDE the factory (parcelsKeys.list(…
readability: the second sentence repeats the first	undefined }) — the data page shape becomes pages: […] (a stacked readi || The code below mounts grammar B end-to-end (feed shelf, manifest curso
readability: sentence too long to follow	GRAMMAR A, THE NUMBERED SHELF: keep useQuery, move the page into the factory (parcelsKeys.list({ status, page })), and lay the bri…
readability: the second sentence repeats the first	THE CONVEYOR RULING: switch the stream grammar to useInfiniteQuery — b || The autopsy’s marginalia: if a wall flashes empty between arriving tru
readability: sentence too long to follow	An office migrated to page-param keys (good) and STILL saw skeletons on every flip — because the clause era had taught the wall to…
readability: sentence too long to follow	The conveyor’s crank was custom-rolled: getNextPageParam: (last, pages) => pages.length + 1 — and every Thursday night, when the h…
readability: metaphor where the mechanism belongs	ticket, harbor :: Refetching can replay every truck with its ORIGINAL harbor ticket — the stack refetches page by page, not as o
readability: opener is too dense to start from	6 sentences, 32 words each
readability: jargon in the opener with no gloss	CLICK
readability: sentence too long to follow	PREFETCHQUERY (the fire-and-forget runner): queryClient.prefetchQuery({ queryKey, queryFn, staleTime }) — it returns a promise you…
readability: sentence too long to follow	RECIPE ONE, THE HOVER WARMER: on the link’s onMouseEnter (or onFocus — keyboards announce intent too), call queryClient.prefetchQu…
readability: one phrase repeated instead of explained	“the ledger” x6 :: The dock adds NO new storeroom — it adds TIMING to the ledger you already own; each instrument is a scheduling
readability: opener is too dense to start from	7 sentences, 37 words each
readability: jargon in the opener with no gloss	DID
readability: sentence too long to follow	THE QUALITY DESK is the grammar of NOTICING: STRUCTURAL SHARING is the ledger’s diff engine, comparing incoming goods field-by-fie…
readability: sentence too long to follow	INSTRUMENT ONE, THE DIFF ENGINE (structural sharing — on by default): when the harbor answers, the ledger walks the new parcel aga…
readability: sentence too long to follow	POSTING ONE, SHARING (default; intervene only with a reason): structural sharing rides every useQuery silently — your only duties …
readability: sentence too long to follow	ENGINE ONE, THE DIFF WALK: on each successful fetch the query cache runs a structural-share pass — replaceEqualDeep over plain JSO…
readability: the second sentence repeats the first	Autopsy: the sieve was inline and ALLOCATING: select: (d) => d.items.f || Ruling: sieves are INSTRUMENTS, not expressions — hoist to module leve
readability: sentence too long to follow	Ruling: sieves are INSTRUMENTS, not expressions — hoist to module level (urgentParcels, shared by every wall in the file) or useCa…
readability: opener is too dense to start from	8 sentences, 29 words each
readability: jargon in the opener with no gloss	THE
readability: sentence too long to follow	THE CLOCKS (the two-iron arithmetic): crate-stamps and furnace-dates must agree — persist with gcTime SHORTER than your maxAge and…
readability: sentence too long to follow	STAMP ONE, THE CRATE-KEEPER: swap QueryClientProvider for PersistQueryClientProvider with a createSyncStoragePersister({ storage: …
