# web-apis: 74 readability findings — fix in src/content/_specs/web-apis.mjs, then
#   node tools/reauthor.mjs web-apis && GATE_DETAIL=6 bash tools/audit/run.sh web-apis
# hub-level notes first, then one line per lesson finding.
readability: opener is too dense to start from	10 sentences, 27 words each
readability: jargon in the opener with no gloss	BUILT
readability: sentence too long to follow	The browser’s second and larger toolkit: docks that load cargo from other shores (fetch), warehouses that keep the consignment bet…
readability: the second sentence repeats the first	A Web API is a BUILT DOCK, not shipped cargo: the browser constructs i || This is WHY detection is the first law: your script sails to unknown h
readability: sentence too long to follow	A Web API is a BUILT DOCK, not shipped cargo: the browser constructs it in its engine (C++ in most harbors) and exposes handles th…
readability: one word carries the whole paragraph	“navigator” x6 :: Web API হলো গড়া-ডক, চালানকৃত পণ্য নয়: ব্রাউজার তা তার ইঞ্জিনে তৈরি করে (বেশিরভাগ বন্দরে C++) আর হাতল উন্মুক্
readability: metaphor where the mechanism belongs	harbor, dock :: The harbor’s standard cancellation instrument: one signal for fetch, timeouts, and every polite dock that take
readability: sentence too long to follow	STEP ONE, THE PERMIT CHECK: before naming a dock, confirm the hull carries it — typeof window.fetch === “function” for the cargo d…
readability: sentence too long to follow	The clerk re-ships with detection, and two quarters later the corporate fleet simply works — because the permit check asked the on…
readability: sentence too long to follow	The page re-ships with the charter’s petition rhythm: silent dock-first (show the button that would need the permit), petition on …
readability: sentence too long to follow	THE CARGO MANIFEST teaches the fetch dock in full: Request and Response as the two ledgers the clerk signs, methods and headers as…
readability: opener is too dense to start from	17 sentences, 17 words each
readability: jargon in the opener with no gloss	CLAIM
readability: one phrase repeated instead of explained	“the shore” x6 :: The fetch dock is the most-used pier on the waterfront and the most-misread: people treat it like a phone call
readability: sentence too long to follow	Fetch rejects only when the wire itself breaks), CORS is the treaty law of which shore may serve which harbor (an error with statu…
readability: one phrase repeated instead of explained	“the shore” x7 :: fetch (input, init) is the cargo dock’s ONE window: you hand it a port of call and a manifest, it hands you ba
readability: the second sentence repeats the first	MOTION THREE, AWAIT THE TICKET, THEN THE LEDGER: const res = await fet || MOTION FOUR, REHEARSE THE THREE OUTCOMES in explicit branches: fulfill
readability: sentence too long to follow	MOTION ONE, DECLARE THE SHAPE: GET voyages go naked-bodied with an Accept stamp for what they will wear; submissions declare Conte…
readability: the second sentence repeats the first	CLERK THREE, THE CONSUMPTION OFFICE: the hold is a ReadableStream, and || CLERK FOUR, THE STREAMING OPENER: for manual reading (res.body.getRead
readability: sentence too long to follow	CLERK ONE, THE DISPATCHER (your await’s other end): fetch(input, init) is resolved into a Request (strings get dressed as GETs wit…
readability: sentence too long to follow	Every shore in the fleet starts refusing with 400s, but only intermittently: small payloads sometimes squeak through by luck of th…
readability: opener is too dense to start from	19 sentences, 19 words each
readability: jargon in the opener with no gloss	THE
readability: sentence too long to follow	The district’s grown-up hold for shaped cargo: object stores as bays, transactions as time-locked leases that auto-close the momen…
readability: sentence too long to follow	MOTION TWO, THE LOCKER FILING (when the verdict says locker): wrap the door — the raw door-walk of bare getItem/setItem is error-b…
readability: the second sentence repeats the first	CLERK ONE, THE PACKING MACHINE (structured clone): the bonded warehous || The machine resolves references (cyclic objects are packed whole — one
readability: sentence too long to follow	CLERK ONE, THE PACKING MACHINE (structured clone): the bonded warehouse packs shaped cargo with a fuller vocabulary than the seria…
readability: sentence too long to follow	A clerk files a consignment with networking INSIDE the transaction: const lease = vault.transaction("consignments", "readwrite"); …
readability: sentence too long to follow	Next — The Lighthouse Keepers: IntersectionObserver for “call me when the crate ENTERS the gate” (lazy media, infinite docks), Res…
readability: opener is too dense to start from	14 sentences, 22 words each
readability: jargon in the opener with no gloss	THE
readability: sentence too long to follow	A scroll listener measuring every card every flick (getBoundingClientRect in a scroll handler forces synchronous layout where the …
readability: the second sentence repeats the first	MOTION ONE, NAME THE CROSSING cleanly: what is the target (this image, || Two classic manifests by name: the LAZY MEDIA MANIFEST ({ threshold: 0
readability: sentence too long to follow	MOTION ONE, NAME THE CROSSING cleanly: what is the target (this image, this sentinel, this sidebar), what is the root (the pier it…
readability: romanised Bengali left in the twin	threshold
readability: opener is too dense to start from	21 sentences, 18 words each
readability: jargon in the opener with no gloss	THE
readability: sentence too long to follow	The crane switches the name on the crate instead of packing a duplicate), scripted from a single entry file, governed by the tide …
readability: the second sentence repeats the first	MOTION ONE, SPLIT THE CRATE FROM THE PIER: name the weight by SHAPE be || MOTION TWO, CHOOSE THE STAMP: copy (default — first law), or the Deed 
readability: sentence too long to follow	MOTION ONE, SPLIT THE CRATE FROM THE PIER: name the weight by SHAPE before towing (what crosses the border as a manifest — pixels,…
readability: the second sentence repeats the first	MACHINE ONE, THE TOW-HULL ITSELF (the second thread): a worker is a he || MACHINE TWO, THE TRANSFER DEED PRESS: Transferables are not a faster c
readability: sentence too long to follow	MACHINE ONE, THE TOW-HULL ITSELF (the second thread): a worker is a heavyweight sibling pier — its creation is a thread spawn plus…
readability: sentence too long to follow	A feature team tows EVERY JSON parse to a worker pool “because threads are the future”: each parse is 3ms of honest weight wrapped…
readability: sentence too long to follow	The defense: “it worked steadily until shards appeared.” YARD RULING: the customs house disappeared into its own amnesia deliberat…
readability: opener is too dense to start from	2 sentences, 184 words each
readability: jargon in the opener with no gloss	THE
readability: sentence too long to follow	ShowOpenFilePicker/showSaveFilePicker/showDirectoryPicker as the desk where the browser strolls INTO the user’s own files: handles…
readability: the second sentence repeats the first	The services pier is different from the docks of lessons 2–5 in one co || The services pier’s single jurisdictional law: EVERY DESK IS A RELATIO
readability: sentence too long to follow	The services pier is different from the docks of lessons 2–5 in one constitutional way: every desk here asks FOR THE USER’S PROPER…
readability: the second sentence repeats the first	DESK ONE, THE CLIPBOARD COUNTER: writeText stays inside a GESTURE (but || DESK TWO, THE MAP LICENSE: petition custody is the design (a settings 
readability: sentence too long to follow	DESK ONE, THE CLIPBOARD COUNTER: writeText stays inside a GESTURE (button press, never an interval: clipboard writes demand “trans…
readability: the second sentence repeats the first	CONDUIT ONE, THE USER-ACTIVATION GATE: every utilities desk worth its || CONDUIT TWO, THE PERMISSIONS LEDGER: petitions are not dialogs, they a
readability: sentence too long to follow	CONDUIT ONE, THE USER-ACTIVATION GATE: every utilities desk worth its risk now rides on TRANSIENT USER ACTIVATION as its stamp law…
readability: the second sentence repeats the first	A “copy ledger address” button works in the reviewer’s build and fails || The defense: “the button is still what the user pressed; the tap is re
readability: sentence too long to follow	A “copy ledger address” button works in the reviewer’s build and fails silently in production — the handler is async, and the awai…
readability: one word carries the whole paragraph	“await” x5 :: প্রথম মামলা, ভঙ্গি-হারানো বোতাম। "খাতা-ঠিকানা অনুলিপি" বোতাম রিভিউয়ারের বিল্ডে কাজ করে, প্রোডাকশনে নীরবে ব্যর
readability: sentence too long to follow	A store locator launches with “live position tracking for the best experience”: watchPosition(enableHighAccuracy: true) started at…
readability: sentence too long to follow	URL and URLSearchParams as the crackable seal of a location, the History API (pushState/replaceState/popstate) as the rudder of ba…
readability: opener is too dense to start from	8 sentences, 54 words each
readability: jargon in the opener with no gloss	DOCUMENT
readability: the second sentence repeats the first	THE RUDDER LOG (History): history.pushState(state, unused, url) adds a || THE LAST LETTER (sendBeacon): when a page is leaving the pier, fetch m
readability: sentence too long to follow	THE CRACKABLE SEAL (URL and URLSearchParams): a location is a PRINTED SEAL, not a vague feeling — new URL(href) separates it into …
readability: sentence too long to follow	DOCUMENT ONE, THE SEAL (URL): an address is treated as data from day one — intercept it once with new URL(location.href, location.…
readability: the second sentence repeats the first	OPERATION ONE, READ THE SEAL AT BOOT AND OWN THE SCRIBBLES: parse loca || OPERATION TWO, STEER STATES AS SIGNED COURSES: every meaningful view-c
readability: sentence too long to follow	OPERATION ONE, READ THE SEAL AT BOOT AND OWN THE SCRIBBLES: parse location once, extract your shop’s canonical params with URLSear…
readability: sentence too long to follow	A dashboard reads the order-scribbles with its own knife: location.search.slice(1).split(“&”).map(p => p.split(“=”)) — clean on th…
readability: sentence too long to follow	A filterable spa-gallery looks flawless forward (lists load, filters apply, addresses update) — and the customer’s back button wal…
readability: opener is too dense to start from	17 sentences, 23 words each
readability: jargon in the opener with no gloss	EVERY
readability: sentence too long to follow	Seven wards stand certified: the charter (detection over gossip, tides over freezes, petitions over demands), the manifest (two le…
readability: sentence too long to follow	Exactly the wall that exercises EVERY ward without exception: it needs detection (not every hull carries every dock), voyages (the…
readability: metaphor where the mechanism belongs	ledger, verdict :: Charter → declare → bell → verdict → branches → weather retry → ledger, as the wall’s very first voyage before
readability: sentence too long to follow	The first voyage any clerk sees), the DISTRICT sequence next (openVault at the versioned charter with its two sorting clerks, file…
readability: sentence too long to follow	The constitution travels with you across the waterfront of all web work: into the DOM hub to hang garments on the tree itself, int…
