accessibility/contrast-and-text	ok	0.00	34	7	on topic, code with values, twin present
accessibility/forms-and-feedback	ok	0.00	4	7	on topic, code with values, twin present
accessibility/media-and-motion	ok	0.00	11	7	on topic, code with values, twin present
accessibility/the-curb-cut-law	ok	0.00	8	7	on topic, code with values, twin present
accessibility/the-final-inspection	ok	0.00	7	7	on topic, code with values, twin present
accessibility/the-keyboard-door	ok	0.00	15	7	on topic, code with values, twin present
accessibility/the-names-states-values	ok	0.00	3	7	on topic, code with values, twin present
accessibility/the-semantic-frame	ok	0.14	5	7	on topic, code with values, twin present
ai-apis/api-capstone	ok	0.43	28	8	on topic, code with values, twin present
ai-apis/cost-budgets	ok	0.00	32	8	on topic, code with values, twin present
ai-apis/evals-prod	ok	0.00	27	8	on topic, code with values, twin present
ai-apis/meet-ai-apis	ok	0.00	7	8	on topic, code with values, twin present
ai-apis/rate-limits	ok	0.00	15	8	on topic, code with values, twin present
ai-apis/retries-resilience	ok	0.00	32	8	on topic, code with values, twin present
ai-apis/streaming-realtime	ok	0.00	5	8	on topic, code with values, twin present
ai-apis/tools-function	ok	0.00	6	8	on topic, code with values, twin present
ai-fundamentals/ai-capstone	ok	0.00	32	8	on topic, code with values, twin present
ai-fundamentals/data-first	ok	0.00	20	8	on topic, code with values, twin present
ai-fundamentals/how-machines-learn	ok	0.00	47	8	on topic, code with values, twin present
ai-fundamentals/limits-bias-safety	ok	0.00	30	8	on topic, code with values, twin present
ai-fundamentals/networks-and-deep-learning	ok	0.00	34	8	on topic, code with values, twin present
ai-fundamentals/the-perceptron	ok	0.00	26	8	on topic, code with values, twin present
ai-fundamentals/training-and-testing	ok	0.00	19	8	on topic, code with values, twin present
ai-fundamentals/what-is-ai	ok	0.00	37	8	on topic, code with values, twin present
angular/the-blueprint-rooms	ok	0.00	12	8	on topic, code with values, twin present
angular/the-change-detective	ok	0.00	11	8	on topic, code with values, twin present
angular/the-corridor-posts	ok	0.00	19	8	on topic, code with values, twin present
angular/the-permit-bureau	ok	0.00	14	8	on topic, code with values, twin present
angular/the-pipeline-depot	ok	0.00	9	8	on topic, code with values, twin present
angular/the-signal-grid	ok	0.13	12	8	on topic, code with values, twin present
angular/the-template-craftsmen	ok	0.00	16	8	on topic, code with values, twin present
angular/the-utility-lines	ok	0.00	7	8	on topic, code with values, twin present
arrays/add-remove-and-mutate	ok	0.00	15	7	on topic, code with values, twin present
arrays/arrays-in-memory	ok	0.00	30	7	on topic, code with values, twin present
arrays/find-and-test	ok	0.00	18	7	on topic, code with values, twin present
arrays/indexes-length-and-holes	ok	0.00	17	7	on topic, code with values, twin present
arrays/sort-and-order	ok	0.00	21	7	on topic, code with values, twin present
arrays/transform-with-methods	ok	0.00	39	8	on topic, code with values, twin present
arrays/walking-an-array	ok	0.00	11	7	on topic, code with values, twin present
arrays/what-is-an-array	ok	0.00	14	7	on topic, code with values, twin present
authentication/auth-capstone	ok	0.00	63	8	on topic, code with values, twin present
authentication/jwt-tokens	ok	0.00	22	8	on topic, code with values, twin present
authentication/meet-auth	ok	0.00	36	8	on topic, code with values, twin present
authentication/mfa-basics	ok	0.00	48	8	on topic, code with values, twin present
authentication/oauth-flows	ok	0.17	25	8	on topic, code with values, twin present
authentication/passwordless-auth	ok	0.00	13	8	on topic, code with values, twin present
authentication/passwords-hashing	ok	0.00	32	8	on topic, code with values, twin present
authentication/sessions-tokens	ok	0.00	18	8	on topic, code with values, twin present
authorization/abac-policies	ok	0.00	31	8	on topic, code with values, twin present
authorization/api-keys-tokens	ok	0.00	15	8	on topic, code with values, twin present
authorization/authz-audit	ok	0.10	16	8	on topic, code with values, twin present
authorization/authz-capstone	ok	0.00	44	8	on topic, code with values, twin present
authorization/meet-authz	ok	0.17	11	8	on topic, code with values, twin present
authorization/ownership-scopes	ok	0.00	17	8	on topic, code with values, twin present
authorization/permissions-checks	ok	0.00	24	8	on topic, code with values, twin present
authorization/rbac-basics	ok	0.00	9	8	on topic, code with values, twin present
aws/buckets-and-the-bucket	ok	0.00	28	8	on topic, code with values, twin present
aws/iams-and-the-iam	ok	0.00	13	8	on topic, code with values, twin present
aws/instances-and-the-instance	ok	0.00	17	8	on topic, code with values, twin present
aws/lambdas-and-the-lambda	ok	0.00	9	8	on topic, code with values, twin present
aws/queues-and-the-queue	ok	0.00	17	8	on topic, code with values, twin present
aws/regions-and-the-region	ok	0.00	11	8	on topic, code with values, twin present
aws/the-aws-release	ok	0.00	16	8	on topic, code with values, twin present
aws/vpcs-and-the-vpc	ok	0.00	13	8	on topic, code with values, twin present
azure/apps-and-the-app	ok	0.00	9	8	on topic, code with values, twin present
azure/blobs-and-the-blob	ok	0.00	12	8	on topic, code with values, twin present
azure/entras-and-the-entra	ok	0.00	11	8	on topic, code with values, twin present
azure/functions-and-the-function	ok	0.00	6	8	on topic, code with values, twin present
azure/groups-and-the-group	ok	0.00	16	8	on topic, code with values, twin present
azure/subscriptions-and-the-subscription	ok	0.00	13	8	on topic, code with values, twin present
azure/the-azure-release	ok	0.00	5	8	on topic, code with values, twin present
azure/vnets-and-the-vnet	ok	0.00	13	8	on topic, code with values, twin present
bootstrap/components-on-the-counter	ok	0.00	6	7	on topic, code with values, twin present
bootstrap/the-build-under-the-stage	ok	0.00	3	7	on topic, code with values, twin present
bootstrap/the-data-api-jig	ok	0.17	9	7	on topic, code with values, twin present
bootstrap/the-door-that-holds	ok	0.00	6	7	on topic, code with values, twin present
bootstrap/the-form-and-the-validation-ledger	ok	0.00	3	7	on topic, code with values, twin present
bootstrap/the-long-shadow	ok	0.00	13	7	on topic, code with values, twin present
bootstrap/the-measure-of-all-halls	ok	0.00	15	7	on topic, code with values, twin present
bootstrap/utilities-and-the-variable-wardrobe	ok	0.00	37	7	on topic, code with values, twin present
c/arrays-and-the-decay	ok	0.00	43	8	on topic, code with values, twin present
c/c-and-the-pointer	ok	0.00	21	8	on topic, code with values, twin present
c/files-and-the-fd	ok	0.00	17	8	on topic, code with values, twin present
c/functions-and-the-frame	ok	0.00	3	8	on topic, code with values, twin present
c/memory-and-the-malloc	ok	0.00	30	8	on topic, code with values, twin present
c/preprocessor-and-the-macro	ok	0.00	13	8	on topic, code with values, twin present
c/structs-and-the-union	ok	0.00	39	8	on topic, code with values, twin present
c/the-binary-forge	ok	0.22	30	8	on topic, code with values, twin present
caching/the-capstone-tribunal	ok	0.14	19	7	on topic, code with values, twin present
caching/the-eviction-court	ok	0.14	13	7	on topic, code with values, twin present
caching/the-invalidation-discipline	ok	0.17	10	7	on topic, code with values, twin present
caching/the-miss-clerks	ok	0.11	13	7	on topic, code with values, twin present
caching/the-redis-district	ok	0.00	20	7	on topic, code with values, twin present
caching/the-replication-accords	ok	0.13	23	7	on topic, code with values, twin present
caching/the-residence-vow	ok	0.11	25	7	on topic, code with values, twin present
caching/the-stampede-wall	ok	0.00	6	7	on topic, code with values, twin present
caching/the-tower-of-layers	ok	0.13	13	7	on topic, code with values, twin present
canvas/the-brush-ledger	ok	0.00	10	7	on topic, code with values, twin present
canvas/the-fresco-charter	ok	0.00	9	7	on topic, code with values, twin present
canvas/the-fresco-frames	ok	0.00	9	7	on topic, code with values, twin present
canvas/the-gallery-rehearsal	ok	0.00	7	7	on topic, code with values, twin present
canvas/the-loom-of-touch	ok	0.00	10	7	on topic, code with values, twin present
canvas/the-pigment-store	ok	0.00	10	7	on topic, code with values, twin present
canvas/the-pixel-vault	ok	0.00	11	7	on topic, code with values, twin present
canvas/the-plaster-rig	ok	0.00	20	7	on topic, code with values, twin present
cicd/builds-and-the-build	ok	0.00	8	8	on topic, code with values, twin present
cicd/deploys-and-the-deploy	ok	0.00	10	8	on topic, code with values, twin present
cicd/pipes-and-the-pipeline	ok	0.00	8	8	on topic, code with values, twin present
cicd/releases-and-the-release	ok	0.00	8	8	on topic, code with values, twin present
cicd/rollbacks-and-the-rollback	ok	0.00	8	8	on topic, code with values, twin present
cicd/stages-and-the-stage	ok	0.00	8	8	on topic, code with values, twin present
cicd/tests-and-the-test	ok	0.00	8	8	on topic, code with values, twin present
cicd/the-cicd-release	ok	0.00	8	8	on topic, code with values, twin present
cloud-fundamentals/bills-and-the-bill	ok	0.20	32	8	on topic, code with values, twin present
cloud-fundamentals/favors-and-the-favor	ok	0.00	17	8	on topic, code with values, twin present
cloud-fundamentals/ladders-and-the-ladder	ok	0.00	18	8	on topic, code with values, twin present
cloud-fundamentals/latches-and-the-latch	ok	0.50	17	8	on topic, code with values, twin present
cloud-fundamentals/skies-and-the-sky	ok	0.25	10	8	on topic, code with values, twin present
cloud-fundamentals/stamps-and-the-stamp	ok	0.00	14	8	on topic, code with values, twin present
cloud-fundamentals/welkins-and-the-welkin	ok	0.25	22	8	on topic, code with values, twin present
cloud-fundamentals/zones-and-the-zone	ok	0.00	15	8	on topic, code with values, twin present
cloud-networking/balancers-and-the-balancer	ok	0.00	18	8	on topic, code with values, twin present
cloud-networking/dns-and-the-dns	ok	0.11	16	8	on topic, code with values, twin present
cloud-networking/enclaves-and-the-enclave	ok	0.00	25	8	on topic, code with values, twin present
cloud-networking/firewalls-and-the-firewall	ok	0.00	25	8	on topic, code with values, twin present
cloud-networking/gateways-and-the-gateway	ok	0.00	25	8	on topic, code with values, twin present
cloud-networking/nets-and-the-net	ok	0.00	45	8	on topic, code with values, twin present
cloud-networking/subnets-and-the-subnet	ok	0.00	29	8	on topic, code with values, twin present
cloud-networking/the-cloud-networking-release	ok	0.00	19	8	on topic, code with values, twin present
compute/autoscales-and-the-autoscale	ok	0.00	34	8	on topic, code with values, twin present
compute/cpus-and-the-cpu	ok	0.00	21	8	on topic, code with values, twin present
compute/instances-and-the-instance	ok	0.00	28	8	on topic, code with values, twin present
compute/memories-and-the-memory	ok	0.00	39	8	on topic, code with values, twin present
compute/scalings-and-the-scaling	ok	0.00	31	8	on topic, code with values, twin present
compute/spots-and-the-spot	ok	0.00	42	8	on topic, code with values, twin present
compute/the-compute-release	ok	0.00	33	8	on topic, code with values, twin present
compute/vms-and-the-vm	ok	0.00	34	8	on topic, code with values, twin present
computer-architecture/alu-intro	ok	0.00	65	8	on topic, code with values, twin present
computer-architecture/arch-capstone	ok	0.13	8	8	on topic, code with values, twin present
computer-architecture/bits-binary	ok	0.00	39	8	on topic, code with values, twin present
computer-architecture/cache-hierarchy	ok	0.00	28	8	on topic, code with values, twin present
computer-architecture/instruction-cycle	ok	0.00	5	8	on topic, code with values, twin present
computer-architecture/logic-gates	ok	0.00	37	8	on topic, code with values, twin present
computer-architecture/meet-arch	ok	0.00	47	8	on topic, code with values, twin present
computer-architecture/registers-intro	ok	0.13	8	8	on topic, code with values, twin present
containers/containers-and-the-container	ok	0.29	36	8	on topic, code with values, twin present
containers/fleets-and-the-fleet	ok	0.00	29	8	on topic, code with values, twin present
containers/images-and-the-image	ok	0.00	43	8	on topic, code with values, twin present
containers/layers-and-the-layer	ok	0.00	35	8	on topic, code with values, twin present
containers/ports-and-the-port	ok	0.00	21	8	on topic, code with values, twin present
containers/registries-and-the-registry	ok	0.00	30	8	on topic, code with values, twin present
containers/the-containers-release	ok	0.00	34	8	on topic, code with values, twin present
containers/volumes-and-the-volume	ok	0.00	38	8	on topic, code with values, twin present
cpp/cpp-and-the-class	ok	0.00	20	8	on topic, code with values, twin present
cpp/inheritance-and-the-virtual	ok	0.00	18	8	on topic, code with values, twin present
cpp/lambdas-and-the-capture	ok	0.00	41	8	on topic, code with values, twin present
cpp/move-and-the-rvalue	ok	0.17	17	8	on topic, code with values, twin present
cpp/raii-and-the-guard	ok	0.00	21	8	on topic, code with values, twin present
cpp/stl-and-the-vector	ok	0.00	42	8	on topic, code with values, twin present
cpp/templates-and-the-type	ok	0.17	24	8	on topic, code with values, twin present
cpp/the-class-forge	ok	0.22	28	8	on topic, code with values, twin present
cpu/branch-prediction	ok	0.00	27	8	on topic, code with values, twin present
cpu/clock-speed	ok	0.00	32	8	on topic, code with values, twin present
cpu/cpu-anatomy	ok	0.00	4	8	on topic, code with values, twin present
cpu/cpu-capstone	ok	0.00	32	8	on topic, code with values, twin present
cpu/fetch-execute	ok	0.14	17	8	on topic, code with values, twin present
cpu/meet-cpu	ok	0.33	9	8	on topic, code with values, twin present
cpu/multicore	ok	0.00	23	8	on topic, code with values, twin present
cpu/pipelining	ok	0.00	7	8	on topic, code with values, twin present
csharp/async-and-the-await	ok	0.00	6	8	on topic, code with values, twin present
csharp/files-and-the-stream	ok	0.00	9	8	on topic, code with values, twin present
csharp/generics-and-the-collection	ok	0.00	13	8	on topic, code with values, twin present
csharp/linq-and-the-query	ok	0.00	11	8	on topic, code with values, twin present
csharp/patterns-and-the-match	ok	0.00	25	8	on topic, code with values, twin present
csharp/the-nuget-serve	ok	0.00	24	8	on topic, code with values, twin present
csharp/the-runtime-and-the-assembly	ok	0.00	24	8	on topic, code with values, twin present
csharp/types-and-the-class	ok	0.00	17	8	on topic, code with values, twin present
css/box-model	ok	0.00	29	7	on topic, code with values, twin present
css/flexbox	ok	0.17	41	7	on topic, code with values, twin present
css/grid	ok	0.00	12	8	on topic, code with values, twin present
css/css-architecture	ok	0.00	53	7	on topic, code with values, twin present
css/css-cascade-syntax	ok	0.00	67	7	on topic, code with values, twin present
css/css-motion	ok	0.00	102	7	on topic, code with values, twin present
css/css-colors-text	ok	0.25	109	7	on topic, code with values, twin present
css/css-position-maps	ok	0.00	58	7	on topic, code with values, twin present
css/css-responsive	ok	0.00	58	7	on topic, code with values, twin present
dart/darts-and-the-flight	ok	0.17	15	8	on topic, code with values, twin present
dart/funcs-and-the-future	ok	0.00	14	8	on topic, code with values, twin present
dart/nulls-and-the-safety	ok	0.00	6	8	on topic, code with values, twin present
dart/packs-and-the-pub	ok	0.17	22	8	on topic, code with values, twin present
dart/states-and-the-stream	ok	0.00	9	8	on topic, code with values, twin present
dart/the-dart-release	ok	0.00	35	8	on topic, code with values, twin present
dart/types-and-the-var	ok	0.00	20	8	on topic, code with values, twin present
dart/widgets-and-the-build	ok	0.00	8	8	on topic, code with values, twin present
db-design/cards-and-the-crow	ok	0.40	30	8	on topic, code with values, twin present
db-design/denorms-and-the-star	ok	0.00	24	8	on topic, code with values, twin present
db-design/migrates-and-the-version	ok	0.00	19	8	on topic, code with values, twin present
db-design/models-and-the-diagram	ok	0.11	9	8	on topic, code with values, twin present
db-design/norms-and-the-normal	ok	0.00	24	8	on topic, code with values, twin present
db-design/secures-and-the-role	ok	0.00	15	8	on topic, code with values, twin present
db-design/seeds-and-the-fixture	ok	0.00	31	8	on topic, code with values, twin present
db-design/the-design-release	ok	0.00	23	8	on topic, code with values, twin present
db-fundamentals/entities-and-the-relation	ok	0.00	12	8	on topic, code with values, twin present
db-fundamentals/indexes-and-the-index	ok	0.00	25	8	on topic, code with values, twin present
db-fundamentals/joins-and-the-join	ok	0.00	25	8	on topic, code with values, twin present
db-fundamentals/keys-and-the-key	ok	0.00	31	8	on topic, code with values, twin present
db-fundamentals/norms-and-the-form	ok	0.00	31	8	on topic, code with values, twin present
db-fundamentals/schemas-and-the-table	ok	0.00	10	8	on topic, code with values, twin present
db-fundamentals/the-db-release	ok	0.00	5	8	on topic, code with values, twin present
db-fundamentals/txns-and-the-acid	ok	0.00	10	8	on topic, code with values, twin present
deep-learning/activations	ok	0.00	20	8	on topic, code with values, twin present
deep-learning/backprop-training	ok	0.00	18	8	on topic, code with values, twin present
deep-learning/cnns-vision	ok	0.00	37	8	on topic, code with values, twin present
deep-learning/dl-capstone	ok	0.00	97	8	on topic, code with values, twin present
deep-learning/networks-forward	ok	0.00	44	8	on topic, code with values, twin present
deep-learning/overfitting-dropout	ok	0.00	29	8	on topic, code with values, twin present
deep-learning/sequences-attention	ok	0.00	28	8	on topic, code with values, twin present
deep-learning/the-neuron	ok	0.14	14	8	on topic, code with values, twin present
distributed-systems/distributed-systems-capstone	ok	0.17	12	7	on topic, code with values, twin present
distributed-systems/the-consensus-choir	ok	0.00	24	7	on topic, code with values, twin present
distributed-systems/the-consistency-menu	ok	0.00	5	7	on topic, code with values, twin present
distributed-systems/the-gossip-parish	ok	0.00	18	7	on topic, code with values, twin present
distributed-systems/the-partition-ledger	ok	0.14	25	7	on topic, code with values, twin present
distributed-systems/the-replication-log	ok	0.00	15	7	on topic, code with values, twin present
distributed-systems/the-two-phase-duel	ok	0.00	2	7	on topic, code with values, twin present
distributed-systems/time-without-clocks	ok	0.00	36	8	on topic, code with values, twin present
django/forms-and-the-door	ok	0.17	5	8	on topic, code with values, twin present
django/migrations-on-the-march	ok	0.00	4	8	on topic, code with values, twin present
django/models-in-the-larder	ok	0.00	14	8	on topic, code with values, twin present
django/templates-on-the-table	ok	0.00	5	8	on topic, code with values, twin present
django/the-admin-counter	ok	0.00	15	8	on topic, code with values, twin present
django/the-kitchen-ships	ok	0.11	15	8	on topic, code with values, twin present
django/the-simmering-project	ok	0.11	3	8	on topic, code with values, twin present
django/urls-to-views	ok	0.00	10	8	on topic, code with values, twin present
dns/dns-caching	ok	0.00	13	8	on topic, code with values, twin present
dns/dns-capstone	ok	0.17	13	8	on topic, code with values, twin present
dns/dns-records	ok	0.00	24	8	on topic, code with values, twin present
dns/dns-resolution	ok	0.00	28	8	on topic, code with values, twin present
dns/dns-security	ok	0.00	17	8	on topic, code with values, twin present
dns/dns-servers	ok	0.00	14	8	on topic, code with values, twin present
dns/meet-dns	ok	0.00	19	8	on topic, code with values, twin present
dns/reverse-dns	ok	0.00	11	8	on topic, code with values, twin present
docker/container-thinking	ok	0.33	2	8	on topic, code with values, twin present
docker/dockerfile-mastery	ok	0.00	6	8	on topic, code with values, twin present
docker/the-compose-ledger	ok	0.11	20	7	on topic, code with values, twin present
docker/the-hardened-manifest	ok	0.00	20	8	on topic, code with values, twin present
docker/the-layer-ledger	ok	0.00	12	8	on topic, code with values, twin present
docker/the-network-bridges	ok	0.00	33	7	on topic, code with values, twin present
docker/the-runtime-register	ok	0.00	48	7	on topic, code with values, twin present
docker/the-volume-economy	ok	0.00	2	8	on topic, code with values, twin present
dom/the-arboretum-rehearsal	ok	0.00	9	7	on topic, code with values, twin present
dom/the-expedition-orchard	ok	0.00	5	7	on topic, code with values, twin present
dom/the-glasshouse-map	ok	0.00	14	7	on topic, code with values, twin present
dom/the-grafting-bench	ok	0.00	7	7	on topic, code with values, twin present
dom/the-measuring-glass	ok	0.14	7	7	on topic, code with values, twin present
dom/the-orchard-forms	ok	0.00	4	7	on topic, code with values, twin present
dom/the-pollinators-flight	ok	0.00	13	7	on topic, code with values, twin present
dom/the-wildlife-stewards	ok	0.00	9	7	on topic, code with values, twin present
dotnet/configuration-and-the-options	ok	0.00	16	8	on topic, code with values, twin present
dotnet/dependency-injection-and-the-service	ok	0.00	6	8	on topic, code with values, twin present
dotnet/entity-framework-and-the-dbcontext	ok	0.00	2	8	on topic, code with values, twin present
dotnet/logging-and-the-telemetry	ok	0.00	8	8	on topic, code with values, twin present
dotnet/minimal-apis-and-the-endpoint	ok	0.20	16	8	on topic, code with values, twin present
dotnet/mvc-and-the-controller	ok	0.00	31	8	on topic, code with values, twin present
dotnet/release-and-the-run	ok	0.00	9	8	on topic, code with values, twin present
dotnet/the-runtime-and-the-host	ok	0.00	9	8	on topic, code with values, twin present
dsa/big-o-thinking	ok	0.00	24	7	on topic, code with values, twin present
dsa/sorting-physics	ok	0.00	29	7	on topic, code with values, twin present
dsa/the-accidental-quadratic	ok	0.00	13	7	on topic, code with values, twin present
dsa/the-amortized-ledger	ok	0.00	14	7	on topic, code with values, twin present
dsa/the-counting-territory	ok	0.00	35	7	on topic, code with values, twin present
dsa/the-grand-measure	ok	0.00	12	7	on topic, code with values, twin present
dsa/the-halving-vein	ok	0.00	30	7	on topic, code with values, twin present
dsa/the-pointer-workshop	ok	0.00	18	7	on topic, code with values, twin present
dsa/the-recursion-atelier	ok	0.00	12	7	on topic, code with values, twin present
dynamic-programming/choices-and-the-choice	ok	0.00	45	8	on topic, code with values, twin present
dynamic-programming/grids-and-the-grid	ok	0.00	45	8	on topic, code with values, twin present
dynamic-programming/orders-and-the-order	ok	0.00	42	8	on topic, code with values, twin present
dynamic-programming/packs-and-the-pack	ok	0.00	35	8	on topic, code with values, twin present
dynamic-programming/paths-and-the-path	ok	0.00	43	8	on topic, code with values, twin present
dynamic-programming/states-and-the-state	ok	0.00	36	8	on topic, code with values, twin present
dynamic-programming/tables-and-the-table	ok	0.00	35	8	on topic, code with values, twin present
dynamic-programming/the-dynamic-release	ok	0.29	85	8	on topic, code with values, twin present
embeddings/chunking-text	ok	0.11	16	8	on topic, code with values, twin present
embeddings/cosine-similarity	ok	0.17	24	8	on topic, code with values, twin present
embeddings/distance-metrics	ok	0.00	17	8	on topic, code with values, twin present
embeddings/embedding-capstone	ok	0.11	33	8	on topic, code with values, twin present
embeddings/meet-embeddings	ok	0.00	11	8	on topic, code with values, twin present
embeddings/norms-angles	ok	0.00	28	8	on topic, code with values, twin present
embeddings/semantic-search	ok	0.00	24	8	on topic, code with values, twin present
embeddings/topk-retrieval	ok	0.00	21	8	on topic, code with values, twin present
encryption/asymmetric-crypto	ok	0.00	6	8	on topic, code with values, twin present
encryption/crypto-capstone	ok	0.00	15	8	on topic, code with values, twin present
encryption/encryption-modes	ok	0.00	33	8	on topic, code with values, twin present
encryption/key-management	ok	0.00	15	8	on topic, code with values, twin present
encryption/meet-encryption	ok	0.00	5	8	on topic, code with values, twin present
encryption/padding-iv	ok	0.00	19	8	on topic, code with values, twin present
encryption/symmetric-crypto	ok	0.00	16	8	on topic, code with values, twin present
encryption/tls-in-action	ok	0.00	17	8	on topic, code with values, twin present
express/menus-on-the-wall	ok	0.00	8	8	on topic, code with values, twin present
express/plating-answers	ok	0.00	14	8	on topic, code with values, twin present
express/seasoning-every-plate	ok	0.00	15	8	on topic, code with values, twin present
express/the-bouncer-at-the-door	ok	0.00	14	8	on topic, code with values, twin present
express/the-dining-room-opens	ok	0.11	5	8	on topic, code with values, twin present
express/the-grand-service	ok	0.00	16	8	on topic, code with values, twin present
express/the-night-shift	ok	0.00	16	8	on topic, code with values, twin present
express/the-order-tickets	ok	0.00	12	8	on topic, code with values, twin present
fastapi/async-in-the-kitchen	ok	0.00	9	8	on topic, code with values, twin present
fastapi/bodies-and-models	ok	0.00	11	8	on topic, code with values, twin present
fastapi/databases-on-the-side	ok	0.00	14	8	on topic, code with values, twin present
fastapi/dependencies-on-the-line	ok	0.00	10	8	on topic, code with values, twin present
fastapi/paths-and-params	ok	0.00	23	8	on topic, code with values, twin present
fastapi/security-at-the-pass	ok	0.00	6	8	on topic, code with values, twin present
fastapi/the-docs-serve	ok	0.00	14	8	on topic, code with values, twin present
fastapi/the-typed-app	ok	0.33	12	8	on topic, code with values, twin present
flask/blueprints-and-the-factory	ok	0.00	1	8	on topic, code with values, twin present
flask/extensions-on-the-shelf	ok	0.00	9	8	on topic, code with values, twin present
flask/logins-at-the-flap	ok	0.00	4	8	on topic, code with values, twin present
flask/requests-in-flight	ok	0.00	12	8	on topic, code with values, twin present
flask/routes-and-rules	ok	0.00	6	8	on topic, code with values, twin present
flask/templates-with-jinja	ok	0.00	6	8	on topic, code with values, twin present
flask/the-stall-opens	ok	0.00	11	8	on topic, code with values, twin present
flask/the-steaming-app	ok	0.25	10	8	on topic, code with values, twin present
gcp/buckets-and-the-bucket	ok	0.00	19	8	on topic, code with values, twin present
gcp/computes-and-the-compute	ok	0.00	5	8	on topic, code with values, twin present
gcp/functions-and-the-function	ok	0.00	8	8	on topic, code with values, twin present
gcp/iams-and-the-iam	ok	0.00	8	8	on topic, code with values, twin present
gcp/networks-and-the-network	ok	0.00	5	8	on topic, code with values, twin present
gcp/projects-and-the-project	ok	0.00	4	8	on topic, code with values, twin present
gcp/the-gcp-release	ok	0.00	5	8	on topic, code with values, twin present
gcp/vaults-and-the-vault	ok	0.00	4	8	on topic, code with values, twin present
generative-ai/diffusion-images	ok	0.00	29	8	on topic, code with values, twin present
generative-ai/fine-tuning-alignment	ok	0.00	10	8	on topic, code with values, twin present
generative-ai/genai-capstone	ok	0.14	35	8	on topic, code with values, twin present
generative-ai/limits-safety-gen	ok	0.00	20	8	on topic, code with values, twin present
generative-ai/meet-generative-ai	ok	0.00	22	8	on topic, code with values, twin present
generative-ai/multimodal-audio	ok	0.00	27	8	on topic, code with values, twin present
generative-ai/tokens-sampling	ok	0.00	28	8	on topic, code with values, twin present
generative-ai/transformers-gpt	ok	0.00	35	8	on topic, code with values, twin present
git/git-basics	ok	0.00	0	8	on topic, code with values, twin present
git/git-branching	ok	0.00	12	7	on topic, code with values, twin present
git/the-branch-atelier	ok	0.13	36	7	on topic, code with values, twin present
git/the-conflict-court	ok	0.22	19	7	on topic, code with values, twin present
git/the-grand-timeline	ok	0.13	14	7	on topic, code with values, twin present
git/the-history-atelier	ok	0.17	64	7	on topic, code with values, twin present
git/the-remote-tides	ok	0.14	26	7	on topic, code with values, twin present
git/the-snapshot-archive	ok	0.00	31	7	on topic, code with values, twin present
git/the-team-chronicle	ok	0.14	20	7	on topic, code with values, twin present
github/actions-and-the-action	ok	0.00	16	8	on topic, code with values, twin present
github/branchs-and-the-branch	ok	0.13	16	8	on topic, code with values, twin present
github/issues-and-the-issue	ok	0.00	40	8	on topic, code with values, twin present
github/pulls-and-the-pull	ok	0.00	26	8	on topic, code with values, twin present
github/repos-and-the-repo	ok	0.00	10	8	on topic, code with values, twin present
github/reviews-and-the-review	ok	0.00	13	8	on topic, code with values, twin present
github/teams-and-the-team	ok	0.00	16	8	on topic, code with values, twin present
github/the-github-release	ok	0.00	28	8	on topic, code with values, twin present
go/control-flow-one-loop	ok	0.00	13	7	on topic, code with values, twin present
go/errors-and-panics	ok	0.00	3	7	on topic, code with values, twin present
go/functions-defer-and-methods	ok	0.00	8	7	on topic, code with values, twin present
go/goroutines-and-channels	ok	0.00	4	7	on topic, code with values, twin present
go/hello-go-and-toolchain	ok	0.00	5	7	on topic, code with values, twin present
go/measuring-and-the-garbage-collector	ok	0.00	6	7	on topic, code with values, twin present
go/slices-arrays-and-strings	ok	0.00	11	7	on topic, code with values, twin present
go/structs-maps-and-interfaces	ok	0.00	1	7	on topic, code with values, twin present
go/testing-generics-and-modules	ok	0.00	9	7	on topic, code with values, twin present
go/variables-types-and-casting	ok	0.00	13	7	on topic, code with values, twin present
graph-algorithms/astar-and-the-compass	ok	0.00	19	7	on topic, code with values, twin present
graph-algorithms/bellman-and-the-patient-ledger	ok	0.00	22	7	on topic, code with values, twin present
graph-algorithms/every-price-every-pair	ok	0.00	58	7	on topic, code with values, twin present
graph-algorithms/flow-and-the-narrow-cut	ok	0.00	12	7	on topic, code with values, twin present
graph-algorithms/graph-algorithms-capstone	ok	0.00	9	7	on topic, code with values, twin present
graph-algorithms/spanning-worlds	ok	0.00	14	7	on topic, code with values, twin present
graph-algorithms/the-clan-ledger	ok	0.00	37	7	on topic, code with values, twin present
graph-algorithms/the-stronghold-split	ok	0.00	8	7	on topic, code with values, twin present
graphql/the-cache-gallery	ok	0.00	22	8	on topic, code with values, twin present
graphql/the-evolution-ledger	ok	0.00	5	8	on topic, code with values, twin present
graphql/the-federation-court	ok	0.00	25	8	on topic, code with values, twin present
graphql/the-grain-interview	ok	0.30	22	8	on topic, code with values, twin present
graphql/the-mutation-chapel	ok	0.09	14	8	on topic, code with values, twin present
graphql/the-resolver-foundry	ok	0.13	30	8	on topic, code with values, twin present
graphql/the-schema-court	ok	0.00	14	8	on topic, code with values, twin present
graphql/the-subscription-tide	ok	0.00	22	8	on topic, code with values, twin present
graphql/the-trust-budget	ok	0.00	44	8	on topic, code with values, twin present
graphs/dijkstra-and-the-throne	ok	0.00	35	7	on topic, code with values, twin present
graphs/graph-thinking	ok	0.00	3	7	on topic, code with values, twin present
graphs/graphs-capstone	ok	0.00	12	7	on topic, code with values, twin present
graphs/kahn-and-the-build-order	ok	0.00	7	7	on topic, code with values, twin present
graphs/paths-through-worlds	ok	0.00	2	7	on topic, code with values, twin present
graphs/the-cycle-hunt	ok	0.00	9	7	on topic, code with values, twin present
graphs/the-plunge-order	ok	0.00	9	7	on topic, code with values, twin present
graphs/the-wavefront-law	ok	0.00	4	7	on topic, code with values, twin present
greedy/coins-and-the-coin	ok	0.20	47	8	on topic, code with values, twin present
greedy/gains-and-the-gain	ok	0.17	33	8	on topic, code with values, twin present
greedy/grabs-and-the-grab	ok	0.20	24	8	on topic, code with values, twin present
greedy/intervals-and-the-interval	ok	0.33	46	8	on topic, code with values, twin present
greedy/locals-and-the-local	ok	0.33	16	8	on topic, code with values, twin present
greedy/picks-and-the-pick	ok	0.17	20	8	on topic, code with values, twin present
greedy/swaps-and-the-swap	ok	0.25	40	8	on topic, code with values, twin present
greedy/the-greedy-release	ok	0.20	51	8	on topic, code with values, twin present
gsap/flip-and-layout-animations	ok	0.00	23	7	on topic, code with values, twin present
gsap/gsap-basics-and-tweens	ok	0.17	18	7	on topic, code with values, twin present
gsap/lenis-and-smooth-scroll	ok	0.22	14	7	on topic, code with values, twin present
gsap/physics-and-draggables	ok	0.10	21	7	on topic, code with values, twin present
gsap/scrolltrigger-and-parallax	ok	0.13	12	7	on topic, code with values, twin present
gsap/svg-and-morphsvg	ok	0.00	16	7	on topic, code with values, twin present
gsap/the-awwwards-showcase-capstone	ok	0.09	14	7	on topic, code with values, twin present
gsap/timelines-and-orchestration	ok	0.00	38	7	on topic, code with values, twin present
hashing/checksums-integrity	ok	0.00	17	8	on topic, code with values, twin present
hashing/digital-signatures	ok	0.20	10	8	on topic, code with values, twin present
hashing/hash-functions	ok	0.00	5	8	on topic, code with values, twin present
hashing/hashing-capstone	ok	0.00	18	8	on topic, code with values, twin present
hashing/meet-hashing	ok	0.00	6	8	on topic, code with values, twin present
hashing/password-storage	ok	0.00	9	8	on topic, code with values, twin present
hashing/rainbow-defense	ok	0.00	38	8	on topic, code with values, twin present
hashing/salting-pepper	ok	0.17	9	8	on topic, code with values, twin present
hashtables/hash-disasters	ok	0.00	31	8	on topic, code with values, twin present
hashtables/hash-thinking	ok	0.29	70	8	on topic, code with values, twin present
hashtables/the-address-forge	ok	0.00	42	8	on topic, code with values, twin present
hashtables/the-collided-city	ok	0.17	24	8	on topic, code with values, twin present
hashtables/the-collision-engineering	ok	0.00	51	10	on topic, code with values, twin present
hashtables/the-fold-ledger	ok	0.20	99	8	on topic, code with values, twin present
hashtables/the-hash-panorama	ok	0.00	43	10	on topic, code with values, twin present
hashtables/the-lift-relay	ok	0.00	32	10	on topic, code with values, twin present
hashtables/the-tombstone-avenue	ok	0.13	28	10	on topic, code with values, twin present
heaps/heap-thinking	ok	0.00	26	7	on topic, code with values, twin present
heaps/k-way-tournament	ok	0.20	44	7	on topic, code with values, twin present
heaps/priority-machines	ok	0.00	23	7	on topic, code with values, twin present
heaps/the-complete-citadel	ok	0.30	36	7	on topic, code with values, twin present
heaps/the-horizon-trades	ok	0.00	23	7	on topic, code with values, twin present
heaps/the-lazy-meadows	ok	0.50	26	7	on topic, code with values, twin present
heaps/the-mirror-thrones	ok	0.00	39	7	on topic, code with values, twin present
heaps/the-pilgrimage-bench	ok	0.00	46	7	on topic, code with values, twin present
heaps/the-sorted-pyre	ok	0.00	42	7	on topic, code with values, twin present
html/dom-essentials	ok	0.00	3	8	on topic, code with values, twin present
html/forms	ok	0.00	4	8	on topic, code with values, twin present
html/html-skeleton	ok	0.00	22	8	on topic, code with values, twin present
html/html-semantics-layout	ok	0.00	30	8	on topic, code with values, twin present
html/html-links-urls	ok	0.00	14	8	on topic, code with values, twin present
html/html-media	ok	0.00	87	8	on topic, code with values, twin present
html/html-modern-apis	ok	0.00	57	8	on topic, code with values, twin present
html/html-the-long-tail	ok	0.00	108	8	on topic, code with values, twin present
html/html-tables-lists	ok	0.00	65	8	on topic, code with values, twin present
html/html-text-formatting	ok	0.13	30	8	on topic, code with values, twin present
http/the-cookie-jar	ok	0.13	22	7	on topic, code with values, twin present
http/the-credential-tribunal	ok	0.14	23	7	on topic, code with values, twin present
http/the-freshness-exchange	ok	0.13	63	7	on topic, code with values, twin present
http/the-header-court	ok	0.25	31	7	on topic, code with values, twin present
http/the-idempotency-bench	ok	0.20	69	7	on topic, code with values, twin present
http/the-negotiation-salon	ok	0.13	36	7	on topic, code with values, twin present
http/the-partial-ledger	ok	0.14	96	7	on topic, code with values, twin present
http/the-redirect-bench	ok	0.00	37	7	on topic, code with values, twin present
http/the-verb-ledger	ok	0.11	81	7	on topic, code with values, twin present
iac/applies-and-the-apply	ok	0.00	8	8	on topic, code with values, twin present
iac/destroys-and-the-destroy	ok	0.00	8	8	on topic, code with values, twin present
iac/modules-and-the-module	ok	0.00	8	8	on topic, code with values, twin present
iac/plans-and-the-plan	ok	0.14	8	8	on topic, code with values, twin present
iac/states-and-the-state	ok	0.00	8	8	on topic, code with values, twin present
iac/templates-and-the-template	ok	0.00	11	8	on topic, code with values, twin present
iac/the-iac-release	ok	0.00	8	8	on topic, code with values, twin present
iac/variables-and-the-variable	ok	0.00	8	8	on topic, code with values, twin present
indexes/btrees-and-the-btree	ok	0.00	33	8	on topic, code with values, twin present
indexes/comps-and-the-composite	ok	0.00	12	8	on topic, code with values, twin present
indexes/covs-and-the-covering	ok	0.00	15	8	on topic, code with values, twin present
indexes/hashs-and-the-hash	ok	0.00	16	8	on topic, code with values, twin present
indexes/idxs-and-the-index	ok	0.00	19	8	on topic, code with values, twin present
indexes/parts-and-the-partial	ok	0.00	10	8	on topic, code with values, twin present
indexes/stats-and-the-statistic	ok	0.00	33	8	on topic, code with values, twin present
indexes/the-index-release	ok	0.00	24	8	on topic, code with values, twin present
java/classes-and-the-object	ok	0.00	3	8	on topic, code with values, twin present
java/collections-and-the-list	ok	0.00	27	8	on topic, code with values, twin present
java/exceptions-and-the-catch	ok	0.00	1	8	on topic, code with values, twin present
java/jdbc-and-the-row	ok	0.25	16	8	on topic, code with values, twin present
java/streams-and-the-lambda	ok	0.00	13	8	on topic, code with values, twin present
java/the-jar-serve	ok	0.00	9	8	on topic, code with values, twin present
java/the-jvm-and-the-bytecode	ok	0.00	10	8	on topic, code with values, twin present
java/threads-and-the-lock	ok	0.00	4	8	on topic, code with values, twin present
javascript/closures	ok	0.00	54	10	on topic, code with values, twin present
javascript/event-loop	ok	0.00	7	8	on topic, code with values, twin present
javascript/js-the-long-tail	ok	0.25	260	9	on topic, code with values, twin present
javascript/js-async-promises	ok	0.00	35	7	on topic, code with values, twin present
javascript/js-operators-decisions	ok	0.00	112	7	on topic, code with values, twin present
javascript/js-dom-events	ok	0.00	4	7	on topic, code with values, twin present
javascript/js-objects-prototypes	ok	0.00	14	9	on topic, code with values, twin present
javascript/js-loops-functions	ok	0.00	107	7	on topic, code with values, twin present
javascript/js-arrays-strings	ok	0.00	106	7	on topic, code with values, twin present
javascript/js-syntax-variables	ok	0.17	50	7	on topic, code with values, twin present
jquery/ajax-and-the-jsonp-toll	ok	0.00	9	7	on topic, code with values, twin present
jquery/deferred-and-promises	ok	0.00	11	7	on topic, code with values, twin present
jquery/effects-and-the-frame-budget	ok	0.00	12	7	on topic, code with values, twin present
jquery/events-and-delegation	ok	0.00	9	7	on topic, code with values, twin present
jquery/the-dollar-and-the-chain	ok	0.00	15	7	on topic, code with values, twin present
jquery/the-dom-workshop	ok	0.00	15	7	on topic, code with values, twin present
jquery/the-great-migration	ok	0.00	5	7	on topic, code with values, twin present
jquery/the-selector-ledger	ok	0.00	19	7	on topic, code with values, twin present
kotlin/classes-and-the-sealed	ok	0.00	6	8	on topic, code with values, twin present
kotlin/collections-and-the-sequence	ok	0.00	34	8	on topic, code with values, twin present
kotlin/coroutines-and-the-suspend	ok	0.00	7	8	on topic, code with values, twin present
kotlin/flows-and-the-collect	ok	0.00	12	8	on topic, code with values, twin present
kotlin/lambdas-and-the-receiver	ok	0.00	9	8	on topic, code with values, twin present
kotlin/nulls-and-the-safe	ok	0.00	14	8	on topic, code with values, twin present
kotlin/the-kotlin-release	ok	0.00	20	8	on topic, code with values, twin present
kotlin/vals-and-the-data	ok	0.00	6	8	on topic, code with values, twin present
kubernetes/the-config-storage-economy	ok	0.00	3	8	on topic, code with values, twin present
kubernetes/the-desired-state-ledger	ok	0.00	2	8	on topic, code with values, twin present
kubernetes/the-hardened-cluster	ok	0.00	3	8	on topic, code with values, twin present
kubernetes/the-health-dispatch	ok	0.29	19	8	on topic, code with values, twin present
kubernetes/the-pod-paradox	ok	0.00	7	8	on topic, code with values, twin present
kubernetes/the-scheduler-arithmetic	ok	0.00	4	8	on topic, code with values, twin present
kubernetes/the-service-perimeter	ok	0.00	9	8	on topic, code with values, twin present
kubernetes/the-workload-grammar	ok	0.00	23	8	on topic, code with values, twin present
lang-csharp/delegates-and-the-event	ok	0.00	8	8	on topic, code with values, twin present
lang-csharp/iterators-and-the-yield	ok	0.00	21	8	on topic, code with values, twin present
lang-csharp/nullables-and-the-nothing	ok	0.00	8	8	on topic, code with values, twin present
lang-csharp/records-and-the-init	ok	0.00	5	8	on topic, code with values, twin present
lang-csharp/sharp-and-the-string	ok	0.00	18	8	on topic, code with values, twin present
lang-csharp/sourcegen-and-the-attribute	ok	0.00	3	8	on topic, code with values, twin present
lang-csharp/spans-and-the-slice	ok	0.00	22	8	on topic, code with values, twin present
lang-csharp/the-sharp-release	ok	0.00	12	8	on topic, code with values, twin present
lang-go/goroutines-and-the-channel	ok	0.00	16	8	on topic, code with values, twin present
lang-go/maps-and-the-range	ok	0.00	13	8	on topic, code with values, twin present
lang-go/methods-and-the-receiver	ok	0.00	10	8	on topic, code with values, twin present
lang-go/packages-and-the-import	ok	0.00	11	8	on topic, code with values, twin present
lang-go/selects-and-the-context	ok	0.00	14	8	on topic, code with values, twin present
lang-go/slices-and-the-append	ok	0.00	30	8	on topic, code with values, twin present
lang-go/structs-and-the-embed	ok	0.00	17	8	on topic, code with values, twin present
lang-go/the-gopher-release	ok	0.13	9	8	on topic, code with values, twin present
lang-java/concurrency-and-the-virtual	ok	0.00	7	8	on topic, code with values, twin present
lang-java/generics-and-the-diamond	ok	0.00	6	8	on topic, code with values, twin present
lang-java/interfaces-and-the-default	ok	0.00	4	8	on topic, code with values, twin present
lang-java/modules-and-the-jar	ok	0.00	7	8	on topic, code with values, twin present
lang-java/objects-and-the-new	ok	0.00	14	8	on topic, code with values, twin present
lang-java/sealed-and-the-pattern	ok	0.00	6	8	on topic, code with values, twin present
lang-java/the-java-release	ok	0.00	12	8	on topic, code with values, twin present
lang-java/throws-and-the-catch	ok	0.00	0	8	on topic, code with values, twin present
lang-javascript/closures-and-the-scope	ok	0.00	11	8	on topic, code with values, twin present
lang-javascript/iterables-and-the-spread	ok	0.17	21	8	on topic, code with values, twin present
lang-javascript/modules-and-the-import	ok	0.00	11	8	on topic, code with values, twin present
lang-javascript/promises-and-the-then	ok	0.00	13	8	on topic, code with values, twin present
lang-javascript/prototypes-and-the-chain	ok	0.00	5	8	on topic, code with values, twin present
lang-javascript/proxies-and-the-trap	ok	0.00	16	8	on topic, code with values, twin present
lang-javascript/the-script-release	ok	0.00	9	8	on topic, code with values, twin present
lang-javascript/values-and-the-coercion	ok	0.00	23	8	on topic, code with values, twin present
lang-php/classes-and-the-trait	ok	0.00	6	8	on topic, code with values, twin present
lang-php/composers-and-the-autoload	ok	0.00	9	8	on topic, code with values, twin present
lang-php/forms-and-the-post	ok	0.00	5	8	on topic, code with values, twin present
lang-php/funcs-and-the-scope	ok	0.20	22	8	on topic, code with values, twin present
lang-php/pdos-and-the-query	ok	0.00	16	8	on topic, code with values, twin present
lang-php/tags-and-the-echo	ok	0.00	7	8	on topic, code with values, twin present
lang-php/the-php-release	ok	0.00	13	8	on topic, code with values, twin present
lang-php/vars-and-the-array	ok	0.00	21	8	on topic, code with values, twin present
lang-python/comprehensions-and-the-comp	ok	0.00	44	8	on topic, code with values, twin present
lang-python/context-and-the-with	ok	0.00	3	8	on topic, code with values, twin present
lang-python/coroutines-and-the-await	ok	0.20	7	8	on topic, code with values, twin present
lang-python/data-and-the-class	ok	0.00	6	8	on topic, code with values, twin present
lang-python/decorators-and-the-at	ok	0.00	4	8	on topic, code with values, twin present
lang-python/indentation-and-the-block	ok	0.00	3	8	on topic, code with values, twin present
lang-python/the-python-release	ok	0.00	1	8	on topic, code with values, twin present
lang-python/typing-and-the-hint	ok	0.00	5	8	on topic, code with values, twin present
lang-ruby/bundles-and-the-gem	ok	0.00	31	8	on topic, code with values, twin present
lang-ruby/enums-and-the-map	ok	0.00	46	8	on topic, code with values, twin present
lang-ruby/metas-and-the-define	ok	0.00	7	8	on topic, code with values, twin present
lang-ruby/mixins-and-the-module	ok	0.00	8	8	on topic, code with values, twin present
lang-ruby/objects-and-the-class	ok	0.00	13	8	on topic, code with values, twin present
lang-ruby/symbols-and-the-string	ok	0.00	12	8	on topic, code with values, twin present
lang-ruby/the-ruby-release	ok	0.00	27	8	on topic, code with values, twin present
lang-ruby/yields-and-the-block	ok	0.00	11	8	on topic, code with values, twin present
lang-rust/borrowing-and-the-reference	ok	0.00	34	8	on topic, code with values, twin present
lang-rust/cargo-and-the-module	ok	0.00	9	8	on topic, code with values, twin present
lang-rust/lifetimes-and-the-elision	ok	0.00	16	8	on topic, code with values, twin present
lang-rust/matches-and-the-pattern	ok	0.00	27	8	on topic, code with values, twin present
lang-rust/moves-and-the-owner	ok	0.00	10	8	on topic, code with values, twin present
lang-rust/results-and-the-question	ok	0.00	10	8	on topic, code with values, twin present
lang-rust/the-rust-release	ok	0.00	27	8	on topic, code with values, twin present
lang-rust/traits-and-the-generic	ok	0.00	12	8	on topic, code with values, twin present
lang-typescript/errors-and-the-never	ok	0.00	15	8	on topic, code with values, twin present
lang-typescript/generics-and-the-param	ok	0.20	17	8	on topic, code with values, twin present
lang-typescript/guards-and-the-predicate	ok	0.00	10	8	on topic, code with values, twin present
lang-typescript/interfaces-and-the-shape	ok	0.00	12	8	on topic, code with values, twin present
lang-typescript/mapped-and-the-utility	ok	0.00	16	8	on topic, code with values, twin present
lang-typescript/the-typed-release	ok	0.00	10	8	on topic, code with values, twin present
lang-typescript/types-and-the-annotation	ok	0.00	17	8	on topic, code with values, twin present
lang-typescript/unions-and-the-narrow	ok	0.00	13	8	on topic, code with values, twin present
laravel/blade-and-the-view	ok	0.00	9	8	on topic, code with values, twin present
laravel/eloquent-and-the-model	ok	0.00	32	8	on topic, code with values, twin present
laravel/guards-and-the-auth	ok	0.00	14	8	on topic, code with values, twin present
laravel/migrations-and-the-schema	ok	0.00	16	8	on topic, code with values, twin present
laravel/queues-and-the-job	ok	0.00	19	8	on topic, code with values, twin present
laravel/routing-the-application	ok	0.00	23	8	on topic, code with values, twin present
laravel/the-horizon-serve	ok	0.00	22	8	on topic, code with values, twin present
laravel/validation-and-the-request	ok	0.17	26	8	on topic, code with values, twin present
linkedlists/pointer-surgery	ok	0.00	26	10	on topic, code with values, twin present
linkedlists/pointer-thinking	ok	0.00	17	10	on topic, code with values, twin present
linkedlists/the-address-machines	ok	0.13	16	10	on topic, code with values, twin present
linkedlists/the-chain-panorama	ok	0.11	16	7	on topic, code with values, twin present
linkedlists/the-courier-discipline	ok	0.00	50	10	on topic, code with values, twin present
linkedlists/the-cycle-cartographer	ok	0.00	30	7	on topic, code with values, twin present
linkedlists/the-doubly-chained-court	ok	0.00	5	7	on topic, code with values, twin present
linkedlists/the-memory-diorama	ok	0.00	26	7	on topic, code with values, twin present
linkedlists/the-skip-tower	ok	0.00	12	7	on topic, code with values, twin present
linux/files-and-the-file	ok	0.00	67	7	on topic, code with values, twin present
linux/packages-and-the-package	ok	0.00	28	7	on topic, code with values, twin present
linux/perms-and-the-perm	ok	0.00	50	7	on topic, code with values, twin present
linux/procs-and-the-proc	ok	0.00	99	7	on topic, code with values, twin present
linux/services-and-the-service	ok	0.00	43	7	on topic, code with values, twin present
linux/shells-and-the-shell	ok	0.00	69	7	on topic, code with values, twin present
linux/the-linux-release	ok	0.00	87	7	on topic, code with values, twin present
linux/users-and-the-user	ok	0.00	51	7	on topic, code with values, twin present
linux-sys/linux-basics	ok	0.14	10	8	on topic, code with values, twin present
linux-sys/linux-filesystem	ok	0.00	8	8	on topic, code with values, twin present
linux-sys/linux-networking	ok	0.00	8	8	on topic, code with values, twin present
linux-sys/linux-permissions	ok	0.00	9	8	on topic, code with values, twin present
linux-sys/linux-processes	ok	0.00	8	8	on topic, code with values, twin present
linux-sys/linux-security	ok	0.00	8	8	on topic, code with values, twin present
linux-sys/linux-sys-capstone	ok	0.00	8	8	on topic, code with values, twin present
linux-sys/shell-scripting	ok	0.00	8	8	on topic, code with values, twin present
llms/agents-tools	ok	0.00	12	8	on topic, code with values, twin present
llms/context-engineering	ok	0.00	15	8	on topic, code with values, twin present
llms/evals-benchmarks	ok	0.00	19	8	on topic, code with values, twin present
llms/llm-capstone	ok	0.00	43	8	on topic, code with values, twin present
llms/meet-llms	ok	0.00	15	8	on topic, code with values, twin present
llms/pretraining-data	ok	0.00	12	8	on topic, code with values, twin present
llms/reasoning-cot	ok	0.00	25	8	on topic, code with values, twin present
llms/serving-deploy	ok	0.00	15	8	on topic, code with values, twin present
load-balancing/algos-and-the-algo	ok	0.00	24	8	on topic, code with values, twin present
load-balancing/conns-and-the-conn	ok	0.00	20	8	on topic, code with values, twin present
load-balancing/failovers-and-the-failover	ok	0.00	18	8	on topic, code with values, twin present
load-balancing/leasts-and-the-least	ok	0.00	31	8	on topic, code with values, twin present
load-balancing/robins-and-the-robin	ok	0.00	17	8	on topic, code with values, twin present
load-balancing/stickies-and-the-sticky	ok	0.11	17	8	on topic, code with values, twin present
load-balancing/the-balance-release	ok	0.10	20	8	on topic, code with values, twin present
load-balancing/weights-and-the-weight	ok	0.00	17	8	on topic, code with values, twin present
logging/aggregates-and-the-aggregate	ok	0.00	11	8	on topic, code with values, twin present
logging/formats-and-the-format	ok	0.00	8	8	on topic, code with values, twin present
logging/levels-and-the-level	ok	0.13	22	8	on topic, code with values, twin present
logging/lines-and-the-line	ok	0.00	12	8	on topic, code with values, twin present
logging/retains-and-the-retain	ok	0.00	25	8	on topic, code with values, twin present
logging/searches-and-the-search	ok	0.00	11	8	on topic, code with values, twin present
logging/ships-and-the-ship	ok	0.00	13	8	on topic, code with values, twin present
logging/the-logging-release	ok	0.00	24	8	on topic, code with values, twin present
machine-learning/classification-logistic	ok	0.00	13	8	on topic, code with values, twin present
machine-learning/clustering	ok	0.00	9	8	on topic, code with values, twin present
machine-learning/decision-trees	ok	0.00	16	8	on topic, code with values, twin present
machine-learning/evaluation-selection	ok	0.00	5	8	on topic, code with values, twin present
machine-learning/forests-ensembles	ok	0.00	14	8	on topic, code with values, twin present
machine-learning/linear-regression	ok	0.00	12	8	on topic, code with values, twin present
machine-learning/math-of-learning	ok	0.00	5	8	on topic, code with values, twin present
machine-learning/ml-capstone	ok	0.00	14	8	on topic, code with values, twin present
memory/fragmentation	ok	0.00	22	8	on topic, code with values, twin present
memory/garbage-collection	ok	0.00	21	8	on topic, code with values, twin present
memory/meet-memory	ok	0.00	29	8	on topic, code with values, twin present
memory/memory-capstone	ok	0.00	35	8	on topic, code with values, twin present
memory/memory-leaks	ok	0.00	16	8	on topic, code with values, twin present
memory/pointers-refs	ok	0.00	27	8	on topic, code with values, twin present
memory/ram-basics	ok	0.13	25	8	on topic, code with values, twin present
memory/stack-heap	ok	0.17	21	8	on topic, code with values, twin present
mongodb/aggs-and-the-pipe	ok	0.00	34	7	on topic, code with values, twin present
mongodb/docs-and-the-collect	ok	0.29	34	7	on topic, code with values, twin present
mongodb/indexes-and-the-search	ok	0.00	39	7	on topic, code with values, twin present
mongodb/replicas-and-the-set	ok	0.00	51	7	on topic, code with values, twin present
mongodb/schemas-and-the-field	ok	0.00	50	7	on topic, code with values, twin present
mongodb/shards-and-the-key	ok	0.00	62	7	on topic, code with values, twin present
mongodb/the-mongo-release	ok	0.13	73	7	on topic, code with values, twin present
mongodb/txns-and-the-session	ok	0.00	39	7	on topic, code with values, twin present
monitoring/alerts-and-the-alert	ok	0.00	8	8	on topic, code with values, twin present
monitoring/dashboards-and-the-dashboard	ok	0.00	8	8	on topic, code with values, twin present
monitoring/incidents-and-the-incident	ok	0.00	9	8	on topic, code with values, twin present
monitoring/metrics-and-the-metric	ok	0.00	8	8	on topic, code with values, twin present
monitoring/slis-and-the-sli	ok	0.14	9	8	on topic, code with values, twin present
monitoring/slos-and-the-slo	ok	0.00	9	8	on topic, code with values, twin present
monitoring/the-monitor-release	ok	0.00	8	8	on topic, code with values, twin present
monitoring/traces-and-the-trace	ok	0.00	8	8	on topic, code with values, twin present
mysql/indexes-and-the-b-tree	ok	0.00	7	7	on topic, code with values, twin present
mysql/joining-tables	ok	0.00	3	7	on topic, code with values, twin present
mysql/keys-and-constraints	ok	0.00	5	7	on topic, code with values, twin present
mysql/putting-rows-in	ok	0.00	23	7	on topic, code with values, twin present
mysql/reading-the-plan	ok	0.00	5	7	on topic, code with values, twin present
mysql/select-and-where	ok	0.00	7	7	on topic, code with values, twin present
mysql/sorting-grouping-and-aggregates	ok	0.00	7	7	on topic, code with values, twin present
mysql/subqueries-unions-and-ctes	ok	0.00	7	7	on topic, code with values, twin present
mysql/tables-and-the-types-in-them	ok	0.00	8	7	on topic, code with values, twin present
mysql/the-server-and-your-first-query	ok	0.13	49	7	on topic, code with values, twin present
mysql/transactions-and-locks	ok	0.00	10	7	on topic, code with values, twin present
mysql/tuning-the-slow-query	ok	0.00	11	7	on topic, code with values, twin present
mysql/views-routines-and-the-ops-window	ok	0.14	44	7	on topic, code with values, twin present
nestjs/controllers-on-the-line	ok	0.00	12	8	on topic, code with values, twin present
nestjs/modules-and-mise-en-place	ok	0.00	6	8	on topic, code with values, twin present
nestjs/nets-and-weaves	ok	0.00	8	8	on topic, code with values, twin present
nestjs/pipes-and-validation	ok	0.00	8	8	on topic, code with values, twin present
nestjs/providers-in-the-pantry	ok	0.13	6	8	on topic, code with values, twin present
nestjs/sentries-at-the-pass	ok	0.00	5	8	on topic, code with values, twin present
nestjs/the-blueprinted-kitchen	ok	0.25	5	8	on topic, code with values, twin present
nestjs/the-franchise-opens	ok	0.00	6	8	on topic, code with values, twin present
network-security/ddos-defense	ok	0.00	12	8	on topic, code with values, twin present
network-security/firewalls-basics	ok	0.00	8	8	on topic, code with values, twin present
network-security/ids-ips	ok	0.00	4	8	on topic, code with values, twin present
network-security/meet-netsec	ok	0.13	6	8	on topic, code with values, twin present
network-security/netsec-capstone	ok	0.13	8	8	on topic, code with values, twin present
network-security/network-segmentation	ok	0.00	11	8	on topic, code with values, twin present
network-security/port-scanning	ok	0.00	16	8	on topic, code with values, twin present
network-security/vpns-tunnels	ok	0.00	2	8	on topic, code with values, twin present
networking/http-deep	ok	0.00	10	8	on topic, code with values, twin present
networking/networking-protocols-and-tools	ok	0.00	87	8	on topic, code with values, twin present
networking/request-journey	ok	0.00	16	8	on topic, code with values, twin present
networking/the-dns-census	ok	0.00	7	8	on topic, code with values, twin present
networking/the-edge-cartel	ok	0.17	6	8	on topic, code with values, twin present
networking/the-incident-watchtower	ok	0.00	25	8	on topic, code with values, twin present
networking/the-load-balancer-court	ok	0.00	19	8	on topic, code with values, twin present
networking/the-tcp-tidekeeper	ok	0.00	25	8	on topic, code with values, twin present
networking/the-tls-notary	ok	0.00	18	8	on topic, code with values, twin present
networking/the-treaty-shelf	ok	0.00	2	8	on topic, code with values, twin present
nextjs/the-data-ledger	ok	0.00	13	8	on topic, code with values, twin present
nextjs/the-emergency-court	ok	0.00	12	8	on topic, code with values, twin present
nextjs/the-metadata-court	ok	0.00	8	8	on topic, code with values, twin present
nextjs/the-middleware-gate	ok	0.00	10	8	on topic, code with values, twin present
nextjs/the-rendering-assembly	ok	0.00	10	8	on topic, code with values, twin present
nextjs/the-route-handlers	ok	0.00	14	8	on topic, code with values, twin present
nextjs/the-routing-court	ok	0.00	13	8	on topic, code with values, twin present
nextjs/the-server-actions	ok	0.00	14	8	on topic, code with values, twin present
nextjs/the-server-client-border	ok	0.00	12	8	on topic, code with values, twin present
nginx/caches-and-the-cache	ok	0.17	9	8	on topic, code with values, twin present
nginx/limits-and-the-limit	ok	0.00	37	8	on topic, code with values, twin present
nginx/locations-and-the-location	ok	0.00	22	8	on topic, code with values, twin present
nginx/logs-and-the-log	ok	0.00	13	8	on topic, code with values, twin present
nginx/proxies-and-the-proxy	ok	0.00	27	8	on topic, code with values, twin present
nginx/servers-and-the-server	ok	0.25	31	8	on topic, code with values, twin present
nginx/the-nginx-release	ok	0.08	15	8	on topic, code with values, twin present
nginx/upstreams-and-the-upstream	ok	0.00	41	8	on topic, code with values, twin present
node/the-dependency-ledger	ok	0.11	23	7	on topic, code with values, twin present
node/the-evented-backbone	ok	0.09	11	7	on topic, code with values, twin present
node/the-file-economy	ok	0.14	31	7	on topic, code with values, twin present
node/the-first-server	ok	0.00	28	7	on topic, code with values, twin present
node/the-loop-ledger	ok	0.25	42	7	on topic, code with values, twin present
node/the-middleware-vows	ok	0.00	26	7	on topic, code with values, twin present
node/the-module-grain	ok	0.14	18	7	on topic, code with values, twin present
node/the-production-ledger	ok	0.11	41	7	on topic, code with values, twin present
nodejs/the-bells-and-alarms	ok	0.10	7	7	on topic, code with values, twin present
nodejs/the-cold-room	ok	0.00	4	7	on topic, code with values, twin present
nodejs/the-conveyor-belts	ok	0.43	3	7	on topic, code with values, twin present
nodejs/the-dining-rush	ok	0.00	5	7	on topic, code with values, twin present
nodejs/the-first-plate	ok	0.25	10	7	on topic, code with values, twin present
nodejs/the-kitchen-at-scale	ok	0.13	6	7	on topic, code with values, twin present
nodejs/the-kitchen-that-never-blocks	ok	0.00	11	7	on topic, code with values, twin present
nodejs/the-pantry-and-its-labels	ok	0.14	7	7	on topic, code with values, twin present
normalization/bcnfs-and-the-bcnf	ok	0.00	4	8	on topic, code with values, twin present
normalization/deps-and-the-dependency	ok	0.00	0	8	on topic, code with values, twin present
normalization/firsts-and-the-first	ok	0.00	4	8	on topic, code with values, twin present
normalization/forms-and-the-normal	ok	0.00	6	8	on topic, code with values, twin present
normalization/multis-and-the-multi	ok	0.00	6	8	on topic, code with values, twin present
normalization/seconds-and-the-second	ok	0.00	9	8	on topic, code with values, twin present
normalization/the-normal-release	ok	0.00	28	8	on topic, code with values, twin present
normalization/thirds-and-the-third	ok	0.00	17	8	on topic, code with values, twin present
object-storage/buckets-and-the-bucket	ok	0.00	9	8	on topic, code with values, twin present
object-storage/encrypts-and-the-encrypt	ok	0.00	20	8	on topic, code with values, twin present
object-storage/keys-and-the-key	ok	0.25	18	8	on topic, code with values, twin present
object-storage/lifecycles-and-the-lifecycle	ok	0.00	29	8	on topic, code with values, twin present
object-storage/objects-and-the-object	ok	0.00	36	8	on topic, code with values, twin present
object-storage/replicas-and-the-replica	ok	0.14	11	8	on topic, code with values, twin present
object-storage/the-object-storage-release	ok	0.00	32	8	on topic, code with values, twin present
object-storage/versions-and-the-version	ok	0.14	28	8	on topic, code with values, twin present
operating-systems/boot-process	ok	0.00	3	8	on topic, code with values, twin present
operating-systems/files-permissions	ok	0.20	36	8	on topic, code with values, twin present
operating-systems/meet-os	ok	0.14	10	8	on topic, code with values, twin present
operating-systems/os-capstone	ok	0.33	1	8	on topic, code with values, twin present
operating-systems/scheduling-basics	ok	0.20	21	8	on topic, code with values, twin present
operating-systems/system-calls	ok	0.13	36	8	on topic, code with values, twin present
operating-systems/users-groups	ok	0.00	33	8	on topic, code with values, twin present
operating-systems/virtual-memory-intro	ok	0.13	42	8	on topic, code with values, twin present
owasp/auth-failures	ok	0.00	2	8	on topic, code with values, twin present
owasp/broken-access	ok	0.17	2	8	on topic, code with values, twin present
owasp/injection-attacks	ok	0.00	9	8	on topic, code with values, twin present
owasp/meet-owasp	ok	0.00	14	8	on topic, code with values, twin present
owasp/owasp-capstone	ok	0.00	9	8	on topic, code with values, twin present
owasp/security-misconfig	ok	0.00	4	8	on topic, code with values, twin present
owasp/vulnerable-components	ok	0.14	12	8	on topic, code with values, twin present
owasp/xss-owasp	ok	0.00	8	8	on topic, code with values, twin present
php/arrays-that-do-everything	ok	0.00	17	8	on topic, code with values, twin present
php/forms-and-superglobals	ok	0.00	16	8	on topic, code with values, twin present
php/functions-and-the-composer	ok	0.20	22	8	on topic, code with values, twin present
php/objects-and-the-request	ok	0.00	15	8	on topic, code with values, twin present
php/sessions-and-security	ok	0.00	7	8	on topic, code with values, twin present
php/the-classic-serve	ok	0.14	14	8	on topic, code with values, twin present
php/the-embedded-script	ok	0.00	13	8	on topic, code with values, twin present
php/types-and-the-loose-engine	ok	0.17	38	8	on topic, code with values, twin present
postgresql/clusters-and-the-herd	ok	0.00	38	7	on topic, code with values, twin present
postgresql/constraints-and-the-key	ok	0.00	69	7	on topic, code with values, twin present
postgresql/funcs-and-the-procedure	ok	0.00	21	7	on topic, code with values, twin present
postgresql/jsons-and-the-array	ok	0.00	24	7	on topic, code with values, twin present
postgresql/queries-and-the-cte	ok	0.17	24	7	on topic, code with values, twin present
postgresql/replicas-and-the-wal	ok	0.00	23	7	on topic, code with values, twin present
postgresql/roles-and-the-grant	ok	0.00	27	7	on topic, code with values, twin present
postgresql/the-postgres-release	ok	0.00	50	7	on topic, code with values, twin present
processes/fork-exec	ok	0.00	18	8	on topic, code with values, twin present
processes/meet-processes	ok	0.17	17	8	on topic, code with values, twin present
processes/process-lifecycle	ok	0.00	25	8	on topic, code with values, twin present
processes/process-scheduling	ok	0.00	21	8	on topic, code with values, twin present
processes/process-states	ok	0.00	6	8	on topic, code with values, twin present
processes/processes-capstone	ok	0.00	16	8	on topic, code with values, twin present
processes/signals-ipc	ok	0.00	13	8	on topic, code with values, twin present
processes/zombie-orphan	ok	0.00	28	8	on topic, code with values, twin present
prompt-engineering/adversarial-robust	ok	0.00	13	8	on topic, code with values, twin present
prompt-engineering/constraints-format	ok	0.00	6	8	on topic, code with values, twin present
prompt-engineering/decompose-cot	ok	0.00	66	8	on topic, code with values, twin present
prompt-engineering/meet-prompts	ok	0.20	3	8	on topic, code with values, twin present
prompt-engineering/optimize-eval	ok	0.00	20	8	on topic, code with values, twin present
prompt-engineering/personas-style	ok	0.00	14	8	on topic, code with values, twin present
prompt-engineering/prompt-capstone	ok	0.00	10	8	on topic, code with values, twin present
prompt-engineering/zero-few-shot	ok	0.00	10	8	on topic, code with values, twin present
python/python-branching-dictionaries	ok	0.00	58	8	on topic, code with values, twin present
python/mutation-and-binding	ok	0.00	10	8	on topic, code with values, twin present
python/python-dunders-and-tooling	ok	0.00	95	8	on topic, code with values, twin present
python/python-thinking	ok	0.00	13	8	on topic, code with values, twin present
python/python-text-numbers	ok	0.00	167	8	on topic, code with values, twin present
python/the-class-court	ok	0.20	51	7	on topic, code with values, twin present
python/the-error-court	ok	0.00	48	7	on topic, code with values, twin present
python/the-function-foundry	ok	0.13	118	7	on topic, code with values, twin present
python/the-generator-garden	ok	0.00	158	7	on topic, code with values, twin present
python/the-import-archive	ok	0.00	45	7	on topic, code with values, twin present
python/the-mapping-vault	ok	0.20	71	7	on topic, code with values, twin present
python/the-sequence-mill	ok	0.00	216	7	on topic, code with values, twin present
python/python-tuples-sets	ok	0.00	212	8	on topic, code with values, twin present
query-optimization/caches-and-the-cache	ok	0.11	15	8	on topic, code with values, twin present
query-optimization/costs-and-the-cost	ok	0.00	18	8	on topic, code with values, twin present
query-optimization/expls-and-the-explain	ok	0.14	3	8	on topic, code with values, twin present
query-optimization/limits-and-the-limit	ok	0.11	2	8	on topic, code with values, twin present
query-optimization/merges-and-the-merge	ok	0.00	22	8	on topic, code with values, twin present
query-optimization/plans-and-the-plan	ok	0.00	15	8	on topic, code with values, twin present
query-optimization/sorts-and-the-sort	ok	0.00	7	8	on topic, code with values, twin present
query-optimization/the-query-release	ok	0.13	26	8	on topic, code with values, twin present
queues/fifo-thinking	ok	0.00	23	7	on topic, code with values, twin present
queues/queues-at-work	ok	0.00	35	7	on topic, code with values, twin present
queues/the-arrival-panorama	ok	0.13	10	7	on topic, code with values, twin present
queues/the-bfs-tide	ok	0.00	5	7	on topic, code with values, twin present
queues/the-message-consulate	ok	0.00	4	7	on topic, code with values, twin present
queues/the-priority-throne	ok	0.11	38	7	on topic, code with values, twin present
queues/the-ring-hotel	ok	0.00	47	7	on topic, code with values, twin present
queues/the-sliding-observatory	ok	0.14	36	7	on topic, code with values, twin present
queues/the-two-tray-chancery	ok	0.13	32	7	on topic, code with values, twin present
r/funcs-and-the-apply	ok	0.00	51	8	on topic, code with values, twin present
r/lists-and-the-factor	ok	0.00	30	8	on topic, code with values, twin present
r/models-and-the-fit	ok	0.00	48	8	on topic, code with values, twin present
r/plots-and-the-geom	ok	0.00	26	8	on topic, code with values, twin present
r/tables-and-the-join	ok	0.10	34	8	on topic, code with values, twin present
r/the-r-release	ok	0.00	25	8	on topic, code with values, twin present
r/vectors-and-the-frame	ok	0.00	57	8	on topic, code with values, twin present
r/verbs-and-the-pipe	ok	0.00	35	8	on topic, code with values, twin present
rag/citations	ok	0.00	24	8	on topic, code with values, twin present
rag/context-budget	ok	0.00	34	8	on topic, code with values, twin present
rag/evals-rag	ok	0.00	51	8	on topic, code with values, twin present
rag/grounding-claims	ok	0.00	24	8	on topic, code with values, twin present
rag/hybrid-search	ok	0.00	28	8	on topic, code with values, twin present
rag/meet-rag	ok	0.00	29	8	on topic, code with values, twin present
rag/query-rewrite	ok	0.00	16	8	on topic, code with values, twin present
rag/rag-capstone	ok	0.00	64	8	on topic, code with values, twin present
react/rerender-model	ok	0.00	5	8	on topic, code with values, twin present
react/the-composition-mill	ok	0.00	17	7	on topic, code with values, twin present
react/the-effect-ward	ok	0.00	28	7	on topic, code with values, twin present
react/the-form-press	ok	0.00	13	7	on topic, code with values, twin present
react/the-grand-archive	ok	0.50	23	7	on topic, code with values, twin present
react/the-server-foundry	ok	0.14	12	7	on topic, code with values, twin present
react/the-state-vault	ok	0.13	19	7	on topic, code with values, twin present
react/the-suspense-gallery	ok	0.14	13	7	on topic, code with values, twin present
react/thinking-in-react	ok	0.00	31	7	on topic, code with values, twin present
recursion/bases-and-the-base	ok	0.14	17	8	on topic, code with values, twin present
recursion/calls-and-the-call	ok	0.00	17	8	on topic, code with values, twin present
recursion/frames-and-the-frame	ok	0.00	14	8	on topic, code with values, twin present
recursion/memos-and-the-memo	ok	0.00	10	8	on topic, code with values, twin present
recursion/mirrors-and-the-mirror	ok	0.11	9	8	on topic, code with values, twin present
recursion/nests-and-the-nest	ok	0.00	10	8	on topic, code with values, twin present
recursion/returns-and-the-return	ok	0.00	16	8	on topic, code with values, twin present
recursion/the-recursion-release	ok	0.25	6	8	on topic, code with values, twin present
redis/keys-and-the-expiry	ok	0.29	62	7	on topic, code with values, twin present
redis/lists-and-the-queue	ok	0.00	34	7	on topic, code with values, twin present
redis/persists-and-the-snap	ok	0.00	41	7	on topic, code with values, twin present
redis/pubs-and-the-sub	ok	0.00	38	7	on topic, code with values, twin present
redis/sets-and-the-member	ok	0.00	80	7	on topic, code with values, twin present
redis/streams-and-the-group	ok	0.00	73	7	on topic, code with values, twin present
redis/strings-and-the-hash	ok	0.00	62	7	on topic, code with values, twin present
redis/the-redis-release	ok	0.17	48	7	on topic, code with values, twin present
responsive-design/beyond-the-width	ok	0.14	4	8	on topic, code with values, twin present
responsive-design/boxes-that-bend	ok	0.00	6	8	on topic, code with values, twin present
responsive-design/breakpoints-and-the-fitting-schedule	ok	0.18	6	8	on topic, code with values, twin present
responsive-design/pictures-that-fit	ok	0.00	16	8	on topic, code with values, twin present
responsive-design/the-fitting-verdict	ok	0.11	5	8	on topic, code with values, twin present
responsive-design/the-fluid-cloth	ok	0.33	15	8	on topic, code with values, twin present
responsive-design/the-pouring-grid	ok	0.00	6	8	on topic, code with values, twin present
responsive-design/the-viewport-and-the-measuring-tape	ok	0.14	10	8	on topic, code with values, twin present
rest/the-contract-court	ok	0.20	30	7	on topic, code with values, twin present
rest/the-epoch-ledger	ok	0.33	35	7	on topic, code with values, twin present
rest/the-hierarchy-court	ok	0.14	28	7	on topic, code with values, twin present
rest/the-link-bazaar	ok	0.20	17	7	on topic, code with values, twin present
rest/the-payload-economy	ok	0.00	82	7	on topic, code with values, twin present
rest/the-problem-docket	ok	0.20	31	7	on topic, code with values, twin present
rest/the-reading-window	ok	0.13	108	7	on topic, code with values, twin present
rest/the-resource-grammar	ok	0.00	50	7	on topic, code with values, twin present
rest/the-transfer-altar	ok	0.14	40	7	on topic, code with values, twin present
reverse-proxy/backs-and-the-back	ok	0.00	28	8	on topic, code with values, twin present
reverse-proxy/certs-and-the-cert	ok	0.00	25	8	on topic, code with values, twin present
reverse-proxy/fronts-and-the-front	ok	0.00	19	8	on topic, code with values, twin present
reverse-proxy/headers-and-the-head	ok	0.00	24	8	on topic, code with values, twin present
reverse-proxy/healths-and-the-health	ok	0.00	34	8	on topic, code with values, twin present
reverse-proxy/routes-and-the-route	ok	0.00	18	8	on topic, code with values, twin present
reverse-proxy/sessions-and-the-session	ok	0.00	30	8	on topic, code with values, twin present
reverse-proxy/the-reverse-release	ok	0.00	37	8	on topic, code with values, twin present
ruby/arrays-and-the-hash	ok	0.00	11	8	on topic, code with values, twin present
ruby/blocks-and-the-yield	ok	0.00	31	8	on topic, code with values, twin present
ruby/gems-and-the-bundle	ok	0.00	31	8	on topic, code with values, twin present
ruby/modules-and-the-mixin	ok	0.00	8	8	on topic, code with values, twin present
ruby/rails-and-the-route	ok	0.00	7	8	on topic, code with values, twin present
ruby/ruby-and-the-object	ok	0.00	12	8	on topic, code with values, twin present
ruby/strings-and-the-symbol	ok	0.00	12	8	on topic, code with values, twin present
ruby/the-gem-serve	ok	0.00	19	8	on topic, code with values, twin present
rust/borrowing-and-the-borrow	ok	0.00	10	8	on topic, code with values, twin present
rust/cargo-and-the-crate	ok	0.00	9	8	on topic, code with values, twin present
rust/enums-and-the-match	ok	0.00	27	8	on topic, code with values, twin present
rust/futures-and-the-await	ok	0.00	5	8	on topic, code with values, twin present
rust/lifetimes-and-the-tick	ok	0.00	16	8	on topic, code with values, twin present
rust/ownership-and-the-move	ok	0.00	7	8	on topic, code with values, twin present
rust/the-crate-serve	ok	0.00	20	8	on topic, code with values, twin present
rust/traits-and-the-bound	ok	0.00	12	8	on topic, code with values, twin present
sass/modules-namespaces-and-the-import-funeral	ok	0.10	4	9	on topic, code with values, twin present
sass/the-ampersands-algebra	ok	0.10	6	9	on topic, code with values, twin present
sass/the-binding-and-its-etiquette	ok	0.25	7	9	on topic, code with values, twin present
sass/the-loom-vs-the-native	ok	0.00	5	9	on topic, code with values, twin present
sass/the-map-room	ok	0.25	6	9	on topic, code with values, twin present
sass/the-mill-and-the-two-minute-law	ok	0.43	9	9	on topic, code with values, twin present
sass/the-price-of-clever-sharing	ok	0.27	13	9	on topic, code with values, twin present
sass/the-shape-of-a-value	ok	0.11	8	9	on topic, code with values, twin present
scala/builds-and-the-sbt	ok	0.00	16	8	on topic, code with values, twin present
scala/cases-and-the-class	ok	0.00	18	8	on topic, code with values, twin present
scala/funcs-and-the-lambda	ok	0.00	33	8	on topic, code with values, twin present
scala/lists-and-the-map	ok	0.00	30	8	on topic, code with values, twin present
scala/scalas-and-the-scale	ok	0.13	19	8	on topic, code with values, twin present
scala/the-scala-release	ok	0.00	17	8	on topic, code with values, twin present
scala/traits-and-the-mixin	ok	0.00	12	8	on topic, code with values, twin present
scala/vals-and-the-type	ok	0.00	18	8	on topic, code with values, twin present
searching/beyond-halving	ok	0.00	119	8	on topic, code with values, twin present
searching/the-bound-atelier	ok	0.00	105	8	on topic, code with values, twin present
searching/the-grid-stair	ok	0.00	105	8	on topic, code with values, twin present
searching/the-halving-promise	ok	0.13	93	8	on topic, code with values, twin present
searching/the-parametric-vein	ok	0.00	172	8	on topic, code with values, twin present
searching/the-search-panorama	ok	0.17	14	8	on topic, code with values, twin present
searching/the-skip-parade	ok	0.00	84	8	on topic, code with values, twin present
searching/the-text-mill	ok	0.00	69	8	on topic, code with values, twin present
searching/the-unimodal-atelier	ok	0.17	90	8	on topic, code with values, twin present
secure-coding/crypto-pitfalls	ok	0.00	23	8	on topic, code with values, twin present
secure-coding/input-validation	ok	0.00	31	8	on topic, code with values, twin present
secure-coding/meet-secure-code	ok	0.20	18	8	on topic, code with values, twin present
secure-coding/output-encoding	ok	0.20	8	8	on topic, code with values, twin present
secure-coding/safe-dependencies	ok	0.00	13	8	on topic, code with values, twin present
secure-coding/secrets-handling	ok	0.00	10	8	on topic, code with values, twin present
secure-coding/secure-code-capstone	ok	0.00	32	8	on topic, code with values, twin present
secure-coding/secure-errors	ok	0.13	22	8	on topic, code with values, twin present
security-fundamentals/jwt-anatomy	ok	0.25	6	8	on topic, code with values, twin present
security-fundamentals/security-thinking	ok	0.33	4	8	on topic, code with values, twin present
security-fundamentals/the-authority-keep	ok	0.00	12	8	on topic, code with values, twin present
security-fundamentals/the-closed-ledger	ok	0.00	16	8	on topic, code with values, twin present
security-fundamentals/the-counterfeit-courier	ok	0.00	7	8	on topic, code with values, twin present
security-fundamentals/the-needle-court	ok	0.22	12	8	on topic, code with values, twin present
security-fundamentals/the-password-foundry	ok	0.00	11	8	on topic, code with values, twin present
security-fundamentals/the-protocol-seals	ok	0.00	6	8	on topic, code with values, twin present
security-fundamentals/the-script-tribunal	ok	0.00	3	8	on topic, code with values, twin present
serverless/events-and-the-event	ok	0.00	34	8	on topic, code with values, twin present
serverless/handlers-and-the-handler	ok	0.00	38	8	on topic, code with values, twin present
serverless/invocations-and-the-invocation	ok	0.00	40	8	on topic, code with values, twin present
serverless/the-serverless-release	ok	0.00	46	8	on topic, code with values, twin present
serverless/timeouts-and-the-timeout	ok	0.00	33	8	on topic, code with values, twin present
serverless/triggers-and-the-trigger	ok	0.00	39	8	on topic, code with values, twin present
serverless/warms-and-the-warm	ok	0.14	38	8	on topic, code with values, twin present
serverless/zips-and-the-zip	ok	0.00	43	8	on topic, code with values, twin present
spring/dependency-injection	ok	0.00	4	8	on topic, code with values, twin present
spring/spring-boot-and-the-actuator	ok	0.00	7	8	on topic, code with values, twin present
spring/spring-data-and-the-repo	ok	0.00	17	8	on topic, code with values, twin present
spring/spring-mvc-and-the-controller	ok	0.00	9	8	on topic, code with values, twin present
spring/spring-security	ok	0.00	12	8	on topic, code with values, twin present
spring/testing-and-the-mock	ok	0.00	10	8	on topic, code with values, twin present
spring/the-bean-and-the-context	ok	0.00	2	8	on topic, code with values, twin present
spring/the-production-serve	ok	0.00	20	8	on topic, code with values, twin present
sql/sql-performance	ok	0.00	57	7	on topic, code with values, twin present
sql/sql-thinking	ok	0.14	67	7	on topic, code with values, twin present
sql/the-census-ledger	ok	0.14	87	7	on topic, code with values, twin present
sql/the-grand-warehouse	ok	0.29	56	7	on topic, code with values, twin present
sql/the-join-hall	ok	0.00	56	7	on topic, code with values, twin present
sql/the-migration-docket	ok	0.14	41	7	on topic, code with values, twin present
sql/the-orm-shadow	ok	0.29	70	7	on topic, code with values, twin present
sql/the-transaction-vault	ok	0.14	83	7	on topic, code with values, twin present
sql/the-window-gallery	ok	0.17	160	7	on topic, code with values, twin present
sqlite/files-and-the-table	ok	0.00	8	8	on topic, code with values, twin present
sqlite/indexes-and-the-query	ok	0.00	8	8	on topic, code with values, twin present
sqlite/joins-and-the-view	ok	0.00	21	8	on topic, code with values, twin present
sqlite/selects-and-the-row	ok	0.00	15	8	on topic, code with values, twin present
sqlite/the-sqlite-release	ok	0.00	8	8	on topic, code with values, twin present
sqlite/txns-and-the-journal	ok	0.00	9	8	on topic, code with values, twin present
sqlite/types-and-the-column	ok	0.00	13	8	on topic, code with values, twin present
sqlite/writes-and-the-change	ok	0.00	10	8	on topic, code with values, twin present
stacks/lifo-thinking	ok	0.33	16	8	on topic, code with values, twin present
stacks/stack-machines	ok	0.00	33	7	on topic, code with values, twin present
stacks/the-backtrack-expedition	ok	0.00	11	7	on topic, code with values, twin present
stacks/the-bracket-court	ok	0.00	3	7	on topic, code with values, twin present
stacks/the-infix-treaty	ok	0.14	59	7	on topic, code with values, twin present
stacks/the-minimum-cartel	ok	0.10	26	7	on topic, code with values, twin present
stacks/the-monotone-pier	ok	0.00	47	7	on topic, code with values, twin present
stacks/the-tray-panorama	ok	0.00	4	7	on topic, code with values, twin present
stacks/the-undo-fortress	ok	0.00	7	7	on topic, code with values, twin present
svg/the-cathedral-rehearsal	ok	0.00	25	8	on topic, code with values, twin present
svg/the-cathedral-style	ok	0.00	5	8	on topic, code with values, twin present
svg/the-colored-glass	ok	0.00	7	8	on topic, code with values, twin present
svg/the-glass-catalog	ok	0.00	6	8	on topic, code with values, twin present
svg/the-glass-that-rings	ok	0.00	9	8	on topic, code with values, twin present
svg/the-lead-lines	ok	0.17	29	8	on topic, code with values, twin present
svg/the-moving-light	ok	0.00	16	8	on topic, code with values, twin present
svg/the-window-frame	ok	0.00	12	8	on topic, code with values, twin present
swift/asyncs-and-the-actor	ok	0.00	12	8	on topic, code with values, twin present
swift/closures-and-the-capture	ok	0.00	4	8	on topic, code with values, twin present
swift/enums-and-the-switch	ok	0.00	35	8	on topic, code with values, twin present
swift/generics-and-the-wrapper	ok	0.00	24	8	on topic, code with values, twin present
swift/optionals-and-the-guard	ok	0.00	6	8	on topic, code with values, twin present
swift/protocols-and-the-extension	ok	0.00	14	8	on topic, code with values, twin present
swift/structs-and-the-class	ok	0.00	33	8	on topic, code with values, twin present
swift/the-swift-release	ok	0.00	23	8	on topic, code with values, twin present
system-design/the-cache-sabbath	ok	0.00	31	8	on topic, code with values, twin present
system-design/the-durable-duet	ok	0.00	20	8	on topic, code with values, twin present
system-design/the-envelope-discipline	ok	0.00	28	8	on topic, code with values, twin present
system-design/the-last-single-point	ok	0.00	44	8	on topic, code with values, twin present
system-design/the-partition-ledger	ok	0.00	31	8	on topic, code with values, twin present
system-design/the-queue-patience	ok	0.10	19	8	on topic, code with values, twin present
system-design/the-read-write-divorce	ok	0.00	19	8	on topic, code with values, twin present
system-design/the-storage-ledger	ok	0.00	11	8	on topic, code with values, twin present
tailwind/the-census-tapestry	ok	0.00	22	8	on topic, code with values, twin present
tailwind/the-embroidery-floor	ok	0.00	14	8	on topic, code with values, twin present
tailwind/the-fitting-rooms	ok	0.00	21	8	on topic, code with values, twin present
tailwind/the-house-dress-rehearsal	ok	0.00	18	8	on topic, code with values, twin present
tailwind/the-master-pattern-book	ok	0.00	27	8	on topic, code with values, twin present
tailwind/the-swatch-counter	ok	0.17	21	8	on topic, code with values, twin present
tailwind/the-typography-parlor	ok	0.00	17	8	on topic, code with values, twin present
tailwind/the-variant-bazaar	ok	0.00	6	8	on topic, code with values, twin present
tanstack-query/the-dawn-dock	ok	0.00	36	8	on topic, code with values, twin present
tanstack-query/the-label-archive	ok	0.00	15	8	on topic, code with values, twin present
tanstack-query/the-offline-depot	ok	0.00	20	8	on topic, code with values, twin present
tanstack-query/the-paged-freight	ok	0.00	52	8	on topic, code with values, twin present
tanstack-query/the-provisional-receipts	ok	0.00	10	8	on topic, code with values, twin present
tanstack-query/the-quality-desk	ok	0.00	17	8	on topic, code with values, twin present
tanstack-query/the-return-counter	ok	0.13	17	8	on topic, code with values, twin present
tanstack-query/the-warehouse-clerks	ok	0.11	19	8	on topic, code with values, twin present
tcpip/network-ports	ok	0.00	21	8	on topic, code with values, twin present
tcpip/tcp-addressing	ok	0.00	42	8	on topic, code with values, twin present
tcpip/tcp-congestion	ok	0.00	31	8	on topic, code with values, twin present
tcpip/tcp-handshake	ok	0.00	28	8	on topic, code with values, twin present
tcpip/tcp-protocol	ok	0.00	28	8	on topic, code with values, twin present
tcpip/tcpip-basics	ok	0.00	24	8	on topic, code with values, twin present
tcpip/tcpip-capstone	ok	0.13	28	8	on topic, code with values, twin present
tcpip/udp-fundamentals	ok	0.00	30	8	on topic, code with values, twin present
threads/deadlocks	ok	0.17	34	8	on topic, code with values, twin present
threads/meet-threads	ok	0.20	15	8	on topic, code with values, twin present
threads/mutex-locks	ok	0.00	12	8	on topic, code with values, twin present
threads/race-conditions	ok	0.00	46	8	on topic, code with values, twin present
threads/thread-lifecycle	ok	0.00	25	8	on topic, code with values, twin present
threads/thread-pools	ok	0.22	14	8	on topic, code with values, twin present
threads/threads-capstone	ok	0.00	18	8	on topic, code with values, twin present
threads/threads-vs-processes	ok	0.00	17	8	on topic, code with values, twin present
threejs/animation-loop-and-clock	ok	0.00	29	7	on topic, code with values, twin present
threejs/geometries-and-meshes	ok	0.17	39	7	on topic, code with values, twin present
threejs/lights-and-shadows	ok	0.14	44	7	on topic, code with values, twin present
threejs/materials-and-textures	ok	0.00	47	7	on topic, code with values, twin present
threejs/particles-and-instancing	ok	0.13	19	7	on topic, code with values, twin present
threejs/post-processing-and-effects	ok	0.00	41	7	on topic, code with values, twin present
threejs/scene-camera-renderer	ok	0.17	50	7	on topic, code with values, twin present
threejs/the-3d-showcase-capstone	ok	0.00	36	7	on topic, code with values, twin present
transactions/acids-and-the-acid	ok	0.00	22	8	on topic, code with values, twin present
transactions/concuss-and-the-concurrency	ok	0.00	21	8	on topic, code with values, twin present
transactions/isols-and-the-isolation	ok	0.00	21	8	on topic, code with values, twin present
transactions/locks-and-the-lock	ok	0.00	1	8	on topic, code with values, twin present
transactions/recovers-and-the-recovery	ok	0.00	31	8	on topic, code with values, twin present
transactions/saves-and-the-savepoint	ok	0.00	6	8	on topic, code with values, twin present
transactions/the-txn-release	ok	0.00	8	8	on topic, code with values, twin present
transactions/txns-and-the-commit	ok	0.00	11	8	on topic, code with values, twin present
trees/balanced-trees	ok	0.00	14	7	on topic, code with values, twin present
trees/the-augmented-atlas	ok	0.00	91	7	on topic, code with values, twin present
trees/the-concurrent-grove	ok	0.00	19	7	on topic, code with values, twin present
trees/the-ordered-ceremony	ok	0.14	43	7	on topic, code with values, twin present
trees/the-page-festival	ok	0.14	46	7	on topic, code with values, twin present
trees/the-rotation-court	ok	0.00	16	7	on topic, code with values, twin present
trees/the-successor-knot	ok	0.00	51	7	on topic, code with values, twin present
trees/the-surveyed-verdict	ok	0.00	6	7	on topic, code with values, twin present
trees/tree-thinking	ok	0.00	20	7	on topic, code with values, twin present
typescript/narrowing-generics	ok	0.00	10	8	on topic, code with values, twin present
typescript/the-dom-inventory	ok	0.17	2	7	on topic, code with values, twin present
typescript/the-framework-bond	ok	0.00	15	7	on topic, code with values, twin present
typescript/the-invariant-court	ok	0.11	20	7	on topic, code with values, twin present
typescript/the-migration-ladder	ok	0.00	17	7	on topic, code with values, twin present
typescript/the-networking-guard	ok	0.00	15	7	on topic, code with values, twin present
typescript/ts-tightening-bench	ok	0.10	18	7	on topic, code with values, twin present
typescript/ts-type-factory	ok	0.13	15	7	on topic, code with values, twin present
typescript/type-thinking	ok	0.33	8	8	on topic, code with values, twin present
vector-databases/ann-search	ok	0.00	39	8	on topic, code with values, twin present
vector-databases/hnsw-graphs	ok	0.00	39	8	on topic, code with values, twin present
vector-databases/ivf-index	ok	0.00	47	8	on topic, code with values, twin present
vector-databases/meet-vector-dbs	ok	0.00	28	8	on topic, code with values, twin present
vector-databases/quantization-pq	ok	0.00	30	8	on topic, code with values, twin present
vector-databases/rerank-filter	ok	0.00	44	8	on topic, code with values, twin present
vector-databases/sharding-scale	ok	0.00	43	8	on topic, code with values, twin present
vector-databases/vdb-capstone	ok	0.00	55	8	on topic, code with values, twin present
vue/the-component-commons	ok	0.00	8	8	on topic, code with values, twin present
vue/the-composable-shelf	ok	0.13	8	8	on topic, code with values, twin present
vue/the-directive-grammar	ok	0.00	6	8	on topic, code with values, twin present
vue/the-pinia-treasury	ok	0.00	14	8	on topic, code with values, twin present
vue/the-reactive-loom	ok	0.00	11	8	on topic, code with values, twin present
vue/the-router-post-office	ok	0.00	8	8	on topic, code with values, twin present
vue/the-sfc-workbench	ok	0.00	8	8	on topic, code with values, twin present
vue/the-transition-masquerade	ok	0.00	6	8	on topic, code with values, twin present
web-apis/the-cargo-manifest	ok	0.00	11	8	on topic, code with values, twin present
web-apis/the-harbor-charter	ok	0.00	7	8	on topic, code with values, twin present
web-apis/the-harbor-compass	ok	0.00	5	8	on topic, code with values, twin present
web-apis/the-harbor-rehearsal	ok	0.00	8	8	on topic, code with values, twin present
web-apis/the-harbor-services	ok	0.00	6	8	on topic, code with values, twin present
web-apis/the-lighthouse-keepers	ok	0.00	19	8	on topic, code with values, twin present
web-apis/the-tugboat-fleet	ok	0.00	21	8	on topic, code with values, twin present
web-apis/the-warehouse-district	ok	0.00	14	8	on topic, code with values, twin present
web-components/doors-in-the-wall	ok	0.00	1	8	on topic, code with values, twin present
web-components/mail-across-the-wall	ok	0.11	2	8	on topic, code with values, twin present
web-components/paint-behind-glass	ok	0.25	1	8	on topic, code with values, twin present
web-components/the-charter-and-the-registry	ok	0.11	4	8	on topic, code with values, twin present
web-components/the-charter-vs-the-framework	ok	0.00	1	8	on topic, code with values, twin present
web-components/the-civic-paperwork	ok	0.10	2	8	on topic, code with values, twin present
web-components/the-lifecycle-court	ok	0.17	5	8	on topic, code with values, twin present
web-components/the-shadow-boundary	ok	0.00	1	8	on topic, code with values, twin present
web-security/clickjacking	ok	0.00	10	8	on topic, code with values, twin present
web-security/csrf-defense	ok	0.00	4	8	on topic, code with values, twin present
web-security/https-fundamentals	ok	0.00	21	8	on topic, code with values, twin present
web-security/meet-websec	ok	0.25	23	8	on topic, code with values, twin present
web-security/same-origin-policy	ok	0.00	2	8	on topic, code with values, twin present
web-security/secheaders-capstone	ok	0.00	14	8	on topic, code with values, twin present
web-security/security-headers	ok	0.00	22	8	on topic, code with values, twin present
web-security/xss-attacks	ok	0.00	4	8	on topic, code with values, twin present
