logging/lessons/aggregates-and-the-aggregate.ts	596	purge, archive, expire, search
logging/lessons/lines-and-the-line.ts	604	order, retain, keep, age
logging/lessons/the-logging-release.ts	604	aggregate, pile, merge, dedup
logging/lessons/aggregates-and-the-aggregate.ts	608	warn, error, doom, line
logging/lessons/the-logging-release.ts	596	format, json, text, shape
logging/lessons/formats-and-the-format.ts	600	dock, unload, log, line
logging/lessons/ships-and-the-ship.ts	551	ship, freight, sail, route
logging/lessons/formats-and-the-format.ts	608	find, filter, query, index
logging/lessons/searches-and-the-search.ts	551	level, debug, info, warn
logging/lessons/levels-and-the-level.ts	600	merge, dedup, bucket, window
logging/lessons/levels-and-the-level.ts	604	line, record, journal, rotate
logging/lessons/levels-and-the-level.ts	608	route, dock, unload, log
logging/lessons/lines-and-the-line.ts	596	line, write, stamp, tag
logging/lessons/lines-and-the-line.ts	600	age, purge, archive, expire
logging/lessons/lines-and-the-line.ts	608	error, doom, field, order
logging/lessons/retains-and-the-retain.ts	596	retain, keep, age, purge
logging/lessons/the-logging-release.ts	608	sail, route, dock, unload
logging/lessons/retains-and-the-retain.ts	604	query, index, ship, freight
logging/lessons/searches-and-the-search.ts	563	search, hunt, find, filter
logging/lessons/searches-and-the-search.ts	555	text, shape, key, value
logging/lessons/searches-and-the-search.ts	559	bucket, window, format, json
logging/lessons/ships-and-the-ship.ts	559	dedup, bucket, window, format
logging/lessons/the-logging-release.ts	600	log, line, record, journal
